-- MySQL dump 10.13  Distrib 8.0.21, for Linux (x86_64)
--
-- Host: localhost    Database: vk
-- ------------------------------------------------------
-- Server version	8.0.21-0ubuntu0.20.04.3

/*!40101 SET @OLD_CHARACTER_SET_CLIENT=@@CHARACTER_SET_CLIENT */;
/*!40101 SET @OLD_CHARACTER_SET_RESULTS=@@CHARACTER_SET_RESULTS */;
/*!40101 SET @OLD_COLLATION_CONNECTION=@@COLLATION_CONNECTION */;
/*!50503 SET NAMES utf8mb4 */;
/*!40103 SET @OLD_TIME_ZONE=@@TIME_ZONE */;
/*!40103 SET TIME_ZONE='+00:00' */;
/*!40014 SET @OLD_UNIQUE_CHECKS=@@UNIQUE_CHECKS, UNIQUE_CHECKS=0 */;
/*!40014 SET @OLD_FOREIGN_KEY_CHECKS=@@FOREIGN_KEY_CHECKS, FOREIGN_KEY_CHECKS=0 */;
/*!40101 SET @OLD_SQL_MODE=@@SQL_MODE, SQL_MODE='NO_AUTO_VALUE_ON_ZERO' */;
/*!40111 SET @OLD_SQL_NOTES=@@SQL_NOTES, SQL_NOTES=0 */;

--
-- Table structure for table `communities`
--

DROP TABLE IF EXISTS `communities`;
/*!40101 SET @saved_cs_client     = @@character_set_client */;
/*!50503 SET character_set_client = utf8mb4 */;
CREATE TABLE `communities` (
  `id` int unsigned NOT NULL AUTO_INCREMENT COMMENT 'Идентификатор сроки',
  `name` varchar(150) CHARACTER SET utf8 COLLATE utf8_unicode_ci NOT NULL COMMENT 'Название группы',
  `created_at` datetime DEFAULT CURRENT_TIMESTAMP COMMENT 'Время создания строки',
  `updated_at` datetime DEFAULT CURRENT_TIMESTAMP ON UPDATE CURRENT_TIMESTAMP COMMENT 'Время обновления строки',
  PRIMARY KEY (`id`),
  UNIQUE KEY `name` (`name`)
) ENGINE=InnoDB AUTO_INCREMENT=111 DEFAULT CHARSET=utf8 COLLATE=utf8_unicode_ci COMMENT='Группы';
/*!40101 SET character_set_client = @saved_cs_client */;

--
-- Dumping data for table `communities`
--

LOCK TABLES `communities` WRITE;
/*!40000 ALTER TABLE `communities` DISABLE KEYS */;
INSERT INTO `communities` VALUES (1,'officia','2008-07-23 07:10:48','1992-11-09 01:20:07'),(2,'quidem','2016-08-29 16:06:21','1999-05-06 20:54:56'),(3,'vel','2018-06-12 16:25:17','1987-10-06 14:44:30'),(4,'deserunt','2018-06-22 11:33:04','1978-12-14 01:02:00'),(5,'molestias','2006-07-16 18:38:17','2001-05-08 17:58:13'),(6,'non','1986-12-08 15:18:53','1977-01-19 06:57:31'),(7,'est','1986-01-26 11:35:24','2007-10-26 16:21:10'),(8,'sit','2014-01-25 20:04:47','1985-12-07 01:16:32'),(9,'quae','1991-12-11 22:03:45','2003-11-20 09:17:23'),(10,'qui','2004-12-05 16:08:20','1985-02-27 10:38:21'),(11,'veniam','2016-03-04 17:43:11','1983-02-04 05:02:21'),(12,'ex','2017-03-11 08:39:29','1973-06-17 01:12:29'),(13,'quasi','1974-01-14 13:03:19','2018-07-15 01:04:27'),(14,'ducimus','1989-05-16 22:04:02','1981-11-15 19:01:52'),(15,'aut','1971-04-03 17:00:37','2010-10-17 23:29:15'),(16,'nesciunt','1998-05-09 23:49:03','1980-06-27 21:18:32'),(17,'at','1974-02-10 14:25:04','2012-09-15 18:16:13'),(18,'amet','1992-05-01 13:23:47','2018-03-12 10:27:19'),(19,'ipsum','2015-03-19 20:37:51','2004-01-21 06:33:49'),(20,'nihil','2019-11-17 16:03:58','1975-02-05 00:34:47'),(21,'modi','2015-04-05 04:14:54','1994-01-21 23:02:43'),(22,'quibusdam','1994-07-17 21:39:06','2014-10-16 15:33:12'),(23,'praesentium','1988-01-27 08:24:26','2006-12-04 21:57:44'),(24,'molestiae','1994-02-28 04:50:26','2018-06-04 05:10:40'),(25,'ad','1989-02-01 09:02:18','1974-05-15 15:34:59'),(26,'quia','2008-06-20 19:09:05','1975-09-13 06:40:16'),(27,'laudantium','2000-05-04 12:12:04','1975-08-01 05:34:37'),(28,'possimus','1990-05-31 15:00:12','2006-01-08 02:34:58'),(29,'blanditiis','1986-04-04 03:18:07','2008-07-22 13:58:49'),(30,'dolorem','2005-08-31 13:52:50','1986-03-16 20:52:52'),(31,'iusto','1974-03-26 20:48:42','2009-11-13 01:50:28'),(32,'unde','1981-01-29 00:08:21','1991-12-30 17:52:26'),(33,'dolore','1986-10-19 00:52:14','2011-07-02 08:58:58'),(34,'consequuntur','1982-06-06 11:53:35','2000-02-23 23:57:12'),(35,'et','1973-05-10 08:13:15','1992-06-29 16:00:12'),(36,'reiciendis','1988-03-13 14:35:25','2004-03-26 11:38:15'),(37,'ut','2006-07-19 00:10:06','2012-01-30 09:01:11'),(38,'illo','1973-05-03 02:59:08','2000-09-11 06:36:27'),(39,'totam','2001-10-30 08:17:55','2007-12-26 20:58:31'),(40,'beatae','1989-06-03 21:56:36','2000-12-21 13:21:59'),(41,'minus','1977-12-17 21:29:32','2006-09-29 04:13:54'),(42,'eos','2010-08-10 21:36:51','2016-10-31 01:35:32'),(43,'repudiandae','2014-08-11 01:01:07','2017-01-08 18:11:05'),(44,'odio','1997-02-10 14:49:34','1996-06-26 22:58:59'),(45,'eum','1983-03-17 14:59:12','2002-04-09 21:33:47'),(46,'ea','2005-02-24 08:37:51','1984-03-23 01:49:36'),(47,'delectus','2016-07-31 00:57:15','2009-04-21 19:12:16'),(48,'omnis','1998-12-08 01:51:47','1989-08-17 23:59:51'),(49,'doloribus','2012-10-06 13:17:49','1988-01-04 16:51:56'),(50,'consequatur','2018-10-21 06:49:05','1975-12-02 22:51:06'),(51,'iure','1997-01-21 21:56:13','1985-10-06 04:33:40'),(52,'tenetur','1981-02-02 15:44:34','1979-08-21 00:29:26'),(53,'hic','1973-09-04 01:51:20','2005-09-01 00:06:39'),(54,'occaecati','2001-07-26 11:35:42','2016-07-26 05:30:28'),(55,'sed','1988-12-18 01:30:06','1979-01-01 17:00:49'),(56,'quis','1984-07-13 03:28:23','1988-03-16 13:55:00'),(57,'repellendus','1978-08-14 06:47:02','2013-08-13 12:27:55'),(58,'voluptatibus','1982-01-09 11:28:38','2010-12-26 13:20:54'),(59,'vero','2016-05-29 14:01:49','2008-10-10 15:10:12'),(60,'voluptatem','1988-06-30 04:17:43','1982-02-20 03:51:55'),(61,'deleniti','1973-02-27 20:20:51','2002-07-07 21:08:33'),(62,'ullam','2014-05-08 15:47:16','2018-07-17 12:47:26'),(63,'quas','2015-10-16 02:23:40','1994-12-04 19:35:52'),(64,'placeat','2013-01-28 09:01:06','1999-01-05 02:00:37'),(65,'optio','2002-06-15 00:40:02','1970-09-03 04:33:26'),(66,'rem','2013-09-08 03:35:15','2005-09-05 19:36:24'),(67,'nam','2002-11-17 05:58:29','2013-04-30 21:17:10'),(68,'sint','2011-01-29 08:34:48','1991-12-23 04:02:28'),(69,'numquam','1999-10-20 13:53:58','2011-01-10 19:31:58'),(70,'dicta','1986-08-02 19:09:08','2007-06-05 18:05:22'),(71,'eaque','2013-12-22 00:25:20','1986-01-02 13:53:28'),(72,'corporis','2010-07-20 22:35:19','1972-04-14 00:51:33'),(73,'assumenda','1983-05-20 12:22:07','1994-08-16 22:13:33'),(74,'natus','1988-10-24 22:42:53','1981-08-02 04:45:30'),(75,'iste','2019-10-22 04:49:29','1977-04-03 00:49:44'),(76,'veritatis','2018-04-09 07:10:59','1987-04-24 21:55:51'),(77,'id','2008-09-04 10:56:37','1993-04-12 02:26:09'),(78,'maiores','1970-08-22 01:28:20','2007-05-27 21:40:16'),(79,'asperiores','2000-11-28 19:31:41','1991-03-25 17:06:11'),(80,'error','1987-12-14 13:50:17','2016-11-20 17:41:37'),(81,'rerum','2014-04-18 09:19:20','1972-08-20 10:02:40'),(82,'porro','1978-11-04 12:07:56','2019-05-01 12:20:25'),(83,'eveniet','1994-07-15 19:21:49','2008-04-18 09:20:02'),(84,'provident','2014-01-18 14:25:13','2019-05-27 19:54:41'),(85,'sunt','2006-07-27 05:37:56','1980-10-06 07:07:22'),(86,'aperiam','2003-10-03 03:41:58','2015-11-14 16:01:04'),(87,'soluta','1970-06-08 06:48:41','1990-03-11 18:56:48'),(88,'laborum','1978-02-21 18:36:34','1971-03-24 19:04:32'),(89,'accusamus','1995-06-07 07:51:06','1975-09-23 22:25:20'),(90,'expedita','1975-03-09 06:17:03','1990-11-10 19:08:29'),(91,'in','1973-06-13 20:33:39','2009-08-18 02:17:21'),(92,'dolor','1982-07-30 08:56:57','2009-03-06 18:31:08'),(93,'magni','1995-02-24 05:15:00','2002-08-02 01:46:51'),(94,'recusandae','2013-09-23 04:27:29','2001-05-04 21:36:18'),(95,'odit','1980-11-06 20:01:31','1979-06-24 08:07:55'),(96,'incidunt','1978-06-21 07:26:48','2006-01-26 01:51:59'),(97,'dolores','2013-02-27 18:35:19','2012-05-01 23:44:16'),(98,'cum','1973-10-01 13:32:03','2019-06-04 20:01:04'),(99,'voluptas','2016-07-13 13:03:57','1985-03-04 16:07:19'),(100,'magnam','1985-04-13 22:16:37','2016-10-15 23:34:20'),(101,'accusantium','2004-04-01 15:23:48','1993-01-27 22:05:41'),(102,'commodi','1998-05-26 05:22:01','2003-10-17 00:19:21'),(103,'suscipit','1980-10-24 06:45:33','2014-07-06 00:36:09'),(104,'a','1998-02-03 15:05:06','2014-01-29 22:59:22'),(105,'quod','2016-03-01 22:59:54','1999-04-28 21:16:10'),(106,'repellat','2003-12-17 13:56:17','2015-04-12 11:06:47'),(107,'enim','2012-05-01 17:48:58','1986-01-10 17:02:54'),(108,'consectetur','1974-06-01 05:37:39','1989-03-20 02:29:35'),(109,'aliquam','1973-02-28 07:00:45','1998-11-22 18:49:34'),(110,'harum','1987-02-12 06:51:54','2002-08-17 00:21:32');
/*!40000 ALTER TABLE `communities` ENABLE KEYS */;
UNLOCK TABLES;

--
-- Table structure for table `communities_users`
--

DROP TABLE IF EXISTS `communities_users`;
/*!40101 SET @saved_cs_client     = @@character_set_client */;
/*!50503 SET character_set_client = utf8mb4 */;
CREATE TABLE `communities_users` (
  `community_id` int unsigned NOT NULL COMMENT 'Ссылка на группу',
  `user_id` int unsigned NOT NULL COMMENT 'Ссылка на пользователя',
  `created_at` datetime DEFAULT CURRENT_TIMESTAMP COMMENT 'Время создания строки',
  `updated_at` datetime DEFAULT NULL,
  PRIMARY KEY (`community_id`,`user_id`) COMMENT 'Составной первичный ключ',
  KEY `communities_users_user_fk` (`user_id`),
  CONSTRAINT `communities_users_user_fk` FOREIGN KEY (`user_id`) REFERENCES `users` (`id`),
  CONSTRAINT `community_fk` FOREIGN KEY (`community_id`) REFERENCES `communities` (`id`)
) ENGINE=InnoDB DEFAULT CHARSET=utf8 COLLATE=utf8_unicode_ci COMMENT='Участники групп, связь между пользователями и группами';
/*!40101 SET character_set_client = @saved_cs_client */;

--
-- Dumping data for table `communities_users`
--

LOCK TABLES `communities_users` WRITE;
/*!40000 ALTER TABLE `communities_users` DISABLE KEYS */;
INSERT INTO `communities_users` VALUES (1,16,'2000-12-02 03:22:54',NULL),(2,9,'2010-09-30 09:10:00',NULL),(2,25,'1986-07-20 23:39:49',NULL),(2,27,'1975-07-03 09:57:24',NULL),(3,56,'2003-01-28 15:36:38',NULL),(3,89,'1997-06-10 22:35:11',NULL),(4,2,'1978-10-06 10:56:31',NULL),(4,7,'1985-01-19 10:17:57',NULL),(4,12,'1986-08-29 07:32:46',NULL),(4,41,'2018-11-28 21:16:32',NULL),(4,44,'2002-12-18 18:55:21',NULL),(4,51,'2013-03-21 08:51:49',NULL),(4,72,'1993-10-27 02:55:09',NULL),(5,3,'2016-08-12 05:39:09',NULL),(5,21,'1974-02-19 19:07:19',NULL),(5,48,'1973-12-27 15:34:51',NULL),(5,65,'1999-05-21 18:19:08',NULL),(5,69,'2009-05-04 02:16:09',NULL),(5,78,'1983-06-24 19:55:28',NULL),(5,83,'1989-05-12 14:43:15',NULL),(5,84,'2018-09-24 03:45:55',NULL),(5,90,'2009-12-30 23:25:22',NULL),(5,100,'1975-01-22 20:13:44',NULL),(6,14,'2007-09-20 14:53:09',NULL),(6,17,'1994-03-19 11:53:46',NULL),(6,18,'2020-07-20 08:30:27',NULL),(6,30,'1997-02-07 16:28:55',NULL),(6,35,'1990-10-06 20:36:40',NULL),(6,50,'1998-08-28 23:33:35',NULL),(6,60,'2003-06-08 01:54:23',NULL),(6,64,'1992-11-05 18:05:08',NULL),(7,34,'2017-03-01 18:46:00',NULL),(7,36,'2010-04-04 16:03:58',NULL),(7,39,'2017-06-01 07:26:09',NULL),(7,61,'2012-08-05 20:12:45',NULL),(7,81,'2004-01-22 06:38:11',NULL),(8,38,'1994-09-28 22:37:18',NULL),(8,43,'1971-10-09 10:31:11',NULL),(8,49,'2020-07-21 11:17:00',NULL),(8,68,'1987-07-22 03:25:19',NULL),(9,11,'1978-10-14 13:50:51',NULL),(9,28,'1998-06-27 17:49:33',NULL),(9,40,'1987-11-07 15:39:10',NULL),(9,54,'1975-06-23 19:01:25',NULL),(9,92,'1985-11-14 23:42:18',NULL),(10,23,'1996-03-06 10:11:10',NULL),(10,46,'1975-05-10 07:12:07',NULL),(10,53,'1971-05-27 07:57:58',NULL),(10,66,'1986-04-13 01:54:20',NULL),(10,85,'1988-11-01 05:05:17',NULL),(11,1,'2005-02-21 11:55:24',NULL),(11,5,'1980-08-28 13:47:29',NULL),(11,8,'2000-01-25 07:47:40',NULL),(11,19,'1996-04-02 07:02:57',NULL),(11,67,'1980-07-13 14:54:51',NULL),(12,32,'1998-04-21 00:36:27',NULL),(12,42,'1987-07-19 11:36:08',NULL),(13,4,'2018-03-30 10:50:44',NULL),(13,57,'1987-04-11 07:31:09',NULL),(13,82,'1999-02-11 01:24:42',NULL),(13,93,'2007-04-19 11:41:32',NULL),(14,26,'1971-12-30 08:08:11',NULL),(14,31,'2009-03-14 03:29:42',NULL),(14,55,'1976-12-22 22:03:58',NULL),(14,59,'2000-08-15 06:53:47',NULL),(14,63,'2020-06-26 23:51:26',NULL),(14,79,'1993-01-18 13:31:53',NULL),(14,80,'1986-11-15 18:29:11',NULL),(14,86,'1997-07-26 16:42:49',NULL),(15,20,'2015-07-10 09:26:27',NULL),(15,58,'2011-03-29 20:29:39',NULL),(15,62,'1971-10-27 06:23:56',NULL),(15,95,'2008-07-31 08:50:44',NULL),(16,6,'2014-05-27 05:08:43',NULL),(16,13,'1999-11-30 14:53:33',NULL),(16,77,'2000-02-24 14:27:30',NULL),(16,99,'1975-08-30 11:38:33',NULL),(17,22,'1996-12-16 23:09:35',NULL),(17,33,'1982-07-11 10:26:34',NULL),(17,45,'2011-10-11 08:45:03',NULL),(17,88,'1985-09-16 17:10:06',NULL),(17,91,'1980-07-29 02:38:50',NULL),(17,96,'2007-02-04 20:13:06',NULL),(18,24,'2016-03-30 12:40:42',NULL),(18,37,'1971-02-18 02:47:15',NULL),(18,73,'1993-05-19 10:55:27',NULL),(18,97,'1995-07-12 20:45:13',NULL),(18,98,'1980-09-18 20:46:34',NULL),(19,10,'1996-03-13 03:41:31',NULL),(19,29,'1999-08-04 05:30:43',NULL),(19,47,'1982-11-08 08:03:07',NULL),(19,70,'2010-09-18 01:00:24',NULL),(19,74,'1980-06-25 11:29:08',NULL),(19,75,'1979-08-03 00:01:36',NULL),(19,76,'1991-02-22 09:56:00',NULL),(19,94,'2013-05-27 09:13:36',NULL),(20,15,'1971-08-13 05:01:08',NULL),(20,52,'1970-12-30 12:17:39',NULL),(20,71,'1984-12-18 04:07:06',NULL),(20,87,'1995-04-14 09:41:53',NULL);
/*!40000 ALTER TABLE `communities_users` ENABLE KEYS */;
UNLOCK TABLES;

--
-- Table structure for table `friendship`
--

DROP TABLE IF EXISTS `friendship`;
/*!40101 SET @saved_cs_client     = @@character_set_client */;
/*!50503 SET character_set_client = utf8mb4 */;
CREATE TABLE `friendship` (
  `id` int unsigned NOT NULL AUTO_INCREMENT COMMENT 'Идентификатор строки',
  `user_id` int unsigned NOT NULL COMMENT 'Ссылка на инициатора дружеских отношений',
  `friend_id` int unsigned NOT NULL COMMENT 'Ссылка на получателя приглашения дружить',
  `status_id` int unsigned NOT NULL COMMENT 'Ссылка на статус (текущее состояние) отношений',
  `requested_at` datetime DEFAULT CURRENT_TIMESTAMP COMMENT 'Время отправления приглашения дружить',
  `confirmed_at` datetime DEFAULT NULL COMMENT 'Время подтверждения приглашения',
  `created_at` datetime DEFAULT CURRENT_TIMESTAMP COMMENT 'Время создания строки',
  `updated_at` datetime DEFAULT CURRENT_TIMESTAMP ON UPDATE CURRENT_TIMESTAMP COMMENT 'Время обновления строки',
  PRIMARY KEY (`id`),
  UNIQUE KEY `user_id` (`user_id`,`friend_id`) COMMENT 'Составной первичный ключ'
) ENGINE=InnoDB DEFAULT CHARSET=utf8mb4 COLLATE=utf8mb4_0900_ai_ci COMMENT='Таблица дружбы';
/*!40101 SET character_set_client = @saved_cs_client */;

--
-- Dumping data for table `friendship`
--

LOCK TABLES `friendship` WRITE;
/*!40000 ALTER TABLE `friendship` DISABLE KEYS */;
/*!40000 ALTER TABLE `friendship` ENABLE KEYS */;
UNLOCK TABLES;

--
-- Table structure for table `friendship_history`
--

DROP TABLE IF EXISTS `friendship_history`;
/*!40101 SET @saved_cs_client     = @@character_set_client */;
/*!50503 SET character_set_client = utf8mb4 */;
CREATE TABLE `friendship_history` (
  `id` int unsigned NOT NULL AUTO_INCREMENT COMMENT 'Идентификатор строки',
  `friendship_id` int unsigned NOT NULL COMMENT 'Ссылка на запись о дружеских отношениях',
  `status_id` int unsigned NOT NULL COMMENT 'Ссылка на статус отношений',
  `created_at` datetime DEFAULT CURRENT_TIMESTAMP COMMENT 'Время создания строки',
  PRIMARY KEY (`id`),
  KEY `friendship_fk` (`friendship_id`),
  KEY `friendship_history_status_fk` (`status_id`),
  CONSTRAINT `friendship_fk` FOREIGN KEY (`friendship_id`) REFERENCES `friendship` (`id`),
  CONSTRAINT `friendship_history_status_fk` FOREIGN KEY (`status_id`) REFERENCES `friendship_statuses` (`id`)
) ENGINE=InnoDB DEFAULT CHARSET=utf8mb4 COLLATE=utf8mb4_0900_ai_ci COMMENT='История дружбы';
/*!40101 SET character_set_client = @saved_cs_client */;

--
-- Dumping data for table `friendship_history`
--

LOCK TABLES `friendship_history` WRITE;
/*!40000 ALTER TABLE `friendship_history` DISABLE KEYS */;
/*!40000 ALTER TABLE `friendship_history` ENABLE KEYS */;
UNLOCK TABLES;

--
-- Table structure for table `friendship_statuses`
--

DROP TABLE IF EXISTS `friendship_statuses`;
/*!40101 SET @saved_cs_client     = @@character_set_client */;
/*!50503 SET character_set_client = utf8mb4 */;
CREATE TABLE `friendship_statuses` (
  `id` int unsigned NOT NULL AUTO_INCREMENT COMMENT 'Идентификатор строки',
  `name` varchar(150) CHARACTER SET utf8 COLLATE utf8_unicode_ci NOT NULL COMMENT 'Название статуса',
  `created_at` datetime DEFAULT CURRENT_TIMESTAMP COMMENT 'Время создания строки',
  `updated_at` datetime DEFAULT CURRENT_TIMESTAMP ON UPDATE CURRENT_TIMESTAMP COMMENT 'Время обновления строки',
  PRIMARY KEY (`id`),
  UNIQUE KEY `name` (`name`)
) ENGINE=InnoDB AUTO_INCREMENT=14 DEFAULT CHARSET=utf8 COLLATE=utf8_unicode_ci COMMENT='Статусы дружбы';
/*!40101 SET character_set_client = @saved_cs_client */;

--
-- Dumping data for table `friendship_statuses`
--

LOCK TABLES `friendship_statuses` WRITE;
/*!40000 ALTER TABLE `friendship_statuses` DISABLE KEYS */;
INSERT INTO `friendship_statuses` VALUES (1,'pariatur','1977-03-18 01:27:42','2011-08-22 08:32:57'),(2,'quam','2011-03-31 12:21:18','2020-03-05 12:22:57'),(3,'iusto','1994-04-02 11:44:27','1992-08-07 21:15:32'),(4,'sapiente','2010-09-17 07:22:02','1978-07-09 22:11:24'),(5,'ipsum','1988-09-23 22:32:15','1970-06-10 23:47:54'),(6,'accusamus','1983-12-04 10:35:56','1971-03-17 20:20:50'),(7,'reprehenderit','1988-08-23 11:21:05','1996-06-17 02:13:02'),(8,'soluta','2017-04-04 12:09:24','2015-07-04 12:12:05'),(9,'natus','1987-02-17 23:57:20','2000-09-19 09:54:09'),(10,'illum','2002-12-16 17:17:59','1984-12-18 14:54:45'),(11,'Requested','2020-08-02 21:55:53','2020-08-02 21:55:53'),(12,'Confirmed','2020-08-02 21:55:53','2020-08-02 21:55:53'),(13,'Rejected','2020-08-02 21:55:53','2020-08-02 21:55:53');
/*!40000 ALTER TABLE `friendship_statuses` ENABLE KEYS */;
UNLOCK TABLES;

--
-- Table structure for table `likes`
--

DROP TABLE IF EXISTS `likes`;
/*!40101 SET @saved_cs_client     = @@character_set_client */;
/*!50503 SET character_set_client = utf8mb4 */;
CREATE TABLE `likes` (
  `id` int unsigned NOT NULL AUTO_INCREMENT COMMENT 'Идентификатор строки',
  `media_id` int unsigned NOT NULL COMMENT 'Ссылка на медиафайл',
  `user_id` int unsigned NOT NULL COMMENT 'Ссылка на пользователя',
  `created_at` datetime DEFAULT CURRENT_TIMESTAMP COMMENT 'Время создания строки',
  `updated_at` datetime DEFAULT CURRENT_TIMESTAMP ON UPDATE CURRENT_TIMESTAMP COMMENT 'Время обновления строки',
  PRIMARY KEY (`id`),
  KEY `media_fk` (`media_id`),
  KEY `user_fk` (`user_id`),
  CONSTRAINT `media_fk` FOREIGN KEY (`media_id`) REFERENCES `media` (`id`),
  CONSTRAINT `user_fk` FOREIGN KEY (`user_id`) REFERENCES `users` (`id`)
) ENGINE=InnoDB DEFAULT CHARSET=utf8mb4 COLLATE=utf8mb4_0900_ai_ci COMMENT='Лайки';
/*!40101 SET character_set_client = @saved_cs_client */;

--
-- Dumping data for table `likes`
--

LOCK TABLES `likes` WRITE;
/*!40000 ALTER TABLE `likes` DISABLE KEYS */;
/*!40000 ALTER TABLE `likes` ENABLE KEYS */;
UNLOCK TABLES;

--
-- Table structure for table `media`
--

DROP TABLE IF EXISTS `media`;
/*!40101 SET @saved_cs_client     = @@character_set_client */;
/*!50503 SET character_set_client = utf8mb4 */;
CREATE TABLE `media` (
  `id` int unsigned NOT NULL AUTO_INCREMENT COMMENT 'Идентификатор строки',
  `user_id` int unsigned NOT NULL COMMENT 'Ссылка на пользователя, который загрузил файл',
  `filename` varchar(255) CHARACTER SET utf8 COLLATE utf8_unicode_ci NOT NULL COMMENT 'Путь к файлу',
  `size` int NOT NULL COMMENT 'Размер файла',
  `metadata` json DEFAULT NULL,
  `media_type_id` int unsigned NOT NULL COMMENT 'Ссылка на тип контента',
  `created_at` datetime DEFAULT CURRENT_TIMESTAMP COMMENT 'Время создания строки',
  `updated_at` datetime DEFAULT CURRENT_TIMESTAMP ON UPDATE CURRENT_TIMESTAMP COMMENT 'Время обновления строки',
  PRIMARY KEY (`id`),
  KEY `media_user_fk` (`user_id`),
  KEY `media_type_fk` (`media_type_id`),
  CONSTRAINT `media_type_fk` FOREIGN KEY (`media_type_id`) REFERENCES `media_types` (`id`),
  CONSTRAINT `media_user_fk` FOREIGN KEY (`user_id`) REFERENCES `users` (`id`),
  CONSTRAINT `media_chk_1` CHECK (json_valid(`metadata`))
) ENGINE=InnoDB AUTO_INCREMENT=111 DEFAULT CHARSET=utf8 COLLATE=utf8_unicode_ci COMMENT='Медиафайлы';
/*!40101 SET character_set_client = @saved_cs_client */;

--
-- Dumping data for table `media`
--

LOCK TABLES `media` WRITE;
/*!40000 ALTER TABLE `media` DISABLE KEYS */;
INSERT INTO `media` VALUES (1,10,'https://dropbox/vk/odit.mpeg',4752,'{\"owner\": \"Neal Hegmann\"}',3,'1999-01-28 21:35:27','2020-08-02 21:55:52'),(2,63,'https://dropbox/vk/adipisci.avi',973784,'{\"owner\": \"Jefferey Kilback\"}',1,'1992-11-02 09:58:25','2020-08-02 21:55:52'),(3,84,'https://dropbox/vk/voluptate.png',361102037,'{\"owner\": \"Mercedes Watsica\"}',2,'1974-11-16 15:02:53','2020-08-02 21:55:52'),(4,31,'https://dropbox/vk/asperiores.jpeg',4811,'{\"owner\": \"Loyce Hermann\"}',3,'1970-05-20 09:19:37','2020-08-02 21:55:52'),(5,2,'https://dropbox/vk/ut.jpeg',881180,'{\"owner\": \"Clovis Crist\"}',2,'2005-04-10 19:40:50','2020-08-02 21:55:52'),(6,17,'https://dropbox/vk/deserunt.png',474550,'{\"owner\": \"Nikko Weimann\"}',2,'1979-08-27 23:59:52','2020-08-02 21:55:52'),(7,78,'https://dropbox/vk/eligendi.jpeg',63928655,'{\"owner\": \"Judd Funk\"}',1,'1983-01-20 14:27:19','2020-08-02 21:55:52'),(8,41,'https://dropbox/vk/ducimus.png',719210,'{\"owner\": \"Kaitlin Koepp\"}',3,'1980-03-30 01:16:05','2020-08-02 21:55:52'),(9,67,'https://dropbox/vk/cumque.jpeg',726266,'{\"owner\": \"Maxwell Swift\"}',3,'1998-07-03 23:25:44','2020-08-02 21:55:52'),(10,12,'https://dropbox/vk/qui.avi',162401,'{\"owner\": \"Grace Oberbrunner\"}',1,'1993-09-09 15:28:36','2020-08-02 21:55:52'),(11,57,'https://dropbox/vk/minus.avi',76763917,'{\"owner\": \"Aniya Boehm\"}',3,'1978-12-01 13:57:14','2020-08-02 21:55:52'),(12,51,'https://dropbox/vk/reprehenderit.mpeg',644375,'{\"owner\": \"Camilla Schoen\"}',3,'1997-09-08 03:43:05','2020-08-02 21:55:52'),(13,82,'https://dropbox/vk/eum.mpeg',806701094,'{\"owner\": \"Katherine Gutkowski\"}',3,'1996-09-02 13:22:27','2020-08-02 21:55:52'),(14,58,'https://dropbox/vk/inventore.mpeg',40454,'{\"owner\": \"Nellie Rowe\"}',3,'1974-03-28 07:02:03','2020-08-02 21:55:52'),(15,44,'https://dropbox/vk/praesentium.png',64154899,'{\"owner\": \"Judson Gorczany\"}',1,'2011-03-18 10:41:27','2020-08-02 21:55:52'),(16,44,'https://dropbox/vk/porro.mpeg',2140,'{\"owner\": \"Judson Gorczany\"}',1,'1982-09-20 09:14:44','2020-08-02 21:55:52'),(17,89,'https://dropbox/vk/laborum.mpeg',5072,'{\"owner\": \"Annetta Marvin\"}',3,'2020-03-29 17:07:33','2020-08-02 21:55:52'),(18,11,'https://dropbox/vk/quia.avi',454539,'{\"owner\": \"Lue Gleichner\"}',2,'1989-03-13 00:00:56','2020-08-02 21:55:52'),(19,88,'https://dropbox/vk/veniam.avi',866719,'{\"owner\": \"Deshaun Nicolas\"}',2,'1990-11-29 19:48:00','2020-08-02 21:55:52'),(20,5,'https://dropbox/vk/voluptatem.avi',44283499,'{\"owner\": \"Lawson Gorczany\"}',1,'2000-12-03 16:37:57','2020-08-02 21:55:52'),(21,64,'https://dropbox/vk/facere.png',964293,'{\"owner\": \"Kay Lang\"}',3,'1990-06-22 00:23:23','2020-08-02 21:55:52'),(22,1,'https://dropbox/vk/nulla.avi',2628,'{\"owner\": \"Celestine Stark\"}',1,'1998-06-07 22:47:26','2020-08-02 21:55:52'),(23,15,'https://dropbox/vk/sint.avi',724674,'{\"owner\": \"Bobby Reynolds\"}',1,'2008-07-25 20:29:51','2020-08-02 21:55:52'),(24,70,'https://dropbox/vk/eaque.jpeg',81322,'{\"owner\": \"Maybelle Gibson\"}',3,'1989-01-28 00:01:19','2020-08-02 21:55:52'),(25,5,'https://dropbox/vk/vitae.png',3596584,'{\"owner\": \"Lawson Gorczany\"}',2,'2019-04-28 00:53:37','2020-08-02 21:55:52'),(26,12,'https://dropbox/vk/consequatur.jpeg',4108,'{\"owner\": \"Grace Oberbrunner\"}',1,'1982-10-22 19:04:06','2020-08-02 21:55:52'),(27,48,'https://dropbox/vk/voluptatem.png',680244,'{\"owner\": \"Caesar Hintz\"}',1,'2001-05-29 17:46:56','2020-08-02 21:55:52'),(28,2,'https://dropbox/vk/consectetur.avi',74204672,'{\"owner\": \"Clovis Crist\"}',1,'2012-08-07 07:35:49','2020-08-02 21:55:52'),(29,67,'https://dropbox/vk/id.mpeg',23726,'{\"owner\": \"Maxwell Swift\"}',2,'1994-04-29 07:10:25','2020-08-02 21:55:52'),(30,28,'https://dropbox/vk/quia.png',217201,'{\"owner\": \"Jacynthe Kling\"}',1,'2002-01-08 11:06:57','2020-08-02 21:55:52'),(31,39,'https://dropbox/vk/qui.jpeg',35271,'{\"owner\": \"Shania Green\"}',2,'2008-12-27 19:58:08','2020-08-02 21:55:52'),(32,10,'https://dropbox/vk/distinctio.png',66418,'{\"owner\": \"Neal Hegmann\"}',2,'2012-07-13 02:02:30','2020-08-02 21:55:52'),(33,32,'https://dropbox/vk/id.avi',3423,'{\"owner\": \"Jalon Beahan\"}',1,'2019-03-19 12:16:55','2020-08-02 21:55:52'),(34,29,'https://dropbox/vk/beatae.mpeg',369951,'{\"owner\": \"Jazmyn Cronin\"}',3,'1998-10-07 12:10:00','2020-08-02 21:55:52'),(35,48,'https://dropbox/vk/eligendi.avi',31893,'{\"owner\": \"Caesar Hintz\"}',2,'1974-06-19 17:24:41','2020-08-02 21:55:52'),(36,52,'https://dropbox/vk/voluptas.jpeg',849758,'{\"owner\": \"Candace Kuhic\"}',1,'1994-12-07 07:11:56','2020-08-02 21:55:52'),(37,17,'https://dropbox/vk/error.jpeg',2892,'{\"owner\": \"Nikko Weimann\"}',2,'1972-06-11 20:00:38','2020-08-02 21:55:52'),(38,29,'https://dropbox/vk/est.jpeg',84907,'{\"owner\": \"Jazmyn Cronin\"}',2,'1998-07-27 19:41:41','2020-08-02 21:55:52'),(39,93,'https://dropbox/vk/vel.png',208521518,'{\"owner\": \"Alf Wilkinson\"}',1,'1973-06-01 23:11:19','2020-08-02 21:55:52'),(40,77,'https://dropbox/vk/ad.png',56198,'{\"owner\": \"Lacy Hettinger\"}',1,'2010-12-30 01:44:01','2020-08-02 21:55:52'),(41,7,'https://dropbox/vk/pariatur.mpeg',368966867,'{\"owner\": \"Lewis Sipes\"}',2,'1996-12-16 12:51:48','2020-08-02 21:55:52'),(42,1,'https://dropbox/vk/consequatur.mpeg',10309951,'{\"owner\": \"Celestine Stark\"}',1,'1975-02-11 02:51:20','2020-08-02 21:55:52'),(43,85,'https://dropbox/vk/et.mpeg',8420,'{\"owner\": \"Ricardo Gleichner\"}',1,'1973-02-06 00:57:27','2020-08-02 21:55:52'),(44,22,'https://dropbox/vk/est.avi',536948771,'{\"owner\": \"Kristina Gulgowski\"}',3,'2012-10-15 05:38:00','2020-08-02 21:55:52'),(45,55,'https://dropbox/vk/ratione.jpeg',3080,'{\"owner\": \"Janet Shields\"}',3,'2000-11-05 01:56:54','2020-08-02 21:55:52'),(46,6,'https://dropbox/vk/voluptatibus.mpeg',514753,'{\"owner\": \"Leda Wisozk\"}',1,'2016-05-08 14:48:41','2020-08-02 21:55:52'),(47,65,'https://dropbox/vk/magni.jpeg',88264,'{\"owner\": \"Marilou Bartoletti\"}',1,'1993-05-20 02:27:48','2020-08-02 21:55:52'),(48,8,'https://dropbox/vk/non.jpeg',3767,'{\"owner\": \"Allene Schmitt\"}',1,'2008-11-12 22:57:11','2020-08-02 21:55:52'),(49,42,'https://dropbox/vk/eligendi.jpeg',457951,'{\"owner\": \"Nakia Monahan\"}',1,'1988-05-09 17:50:21','2020-08-02 21:55:52'),(50,87,'https://dropbox/vk/dolore.avi',54642,'{\"owner\": \"Nicklaus Herzog\"}',2,'2005-03-21 01:02:01','2020-08-02 21:55:52'),(51,6,'https://dropbox/vk/eveniet.avi',2033222,'{\"owner\": \"Leda Wisozk\"}',1,'1997-05-14 06:38:51','2020-08-02 21:55:52'),(52,71,'https://dropbox/vk/quas.mpeg',735497,'{\"owner\": \"Hector Konopelski\"}',1,'1975-07-17 19:07:07','2020-08-02 21:55:52'),(53,37,'https://dropbox/vk/iste.avi',293631,'{\"owner\": \"Randall Hartmann\"}',3,'1970-05-18 02:48:24','2020-08-02 21:55:52'),(54,71,'https://dropbox/vk/cupiditate.mpeg',251668,'{\"owner\": \"Hector Konopelski\"}',2,'1992-07-18 23:45:45','2020-08-02 21:55:52'),(55,42,'https://dropbox/vk/nostrum.avi',26696,'{\"owner\": \"Nakia Monahan\"}',2,'1992-06-28 18:26:20','2020-08-02 21:55:52'),(56,99,'https://dropbox/vk/dolor.jpeg',598547325,'{\"owner\": \"Garnet Douglas\"}',2,'1982-03-18 04:58:27','2020-08-02 21:55:52'),(57,66,'https://dropbox/vk/ipsa.png',11538,'{\"owner\": \"Kamille Heaney\"}',2,'1981-06-07 03:35:08','2020-08-02 21:55:52'),(58,33,'https://dropbox/vk/dolores.avi',367446,'{\"owner\": \"Bettye Pollich\"}',3,'2017-07-13 04:55:13','2020-08-02 21:55:52'),(59,65,'https://dropbox/vk/a.png',72227,'{\"owner\": \"Marilou Bartoletti\"}',3,'1987-07-13 15:55:10','2020-08-02 21:55:52'),(60,26,'https://dropbox/vk/asperiores.avi',105680905,'{\"owner\": \"Arnoldo Daniel\"}',3,'1997-12-29 11:43:38','2020-08-02 21:55:52'),(61,34,'https://dropbox/vk/sequi.png',39024,'{\"owner\": \"Bethany Rutherford\"}',2,'2008-03-01 19:50:19','2020-08-02 21:55:52'),(62,91,'https://dropbox/vk/ut.jpeg',248798,'{\"owner\": \"Lavinia Hintz\"}',2,'1998-12-28 00:31:30','2020-08-02 21:55:52'),(63,53,'https://dropbox/vk/corrupti.jpeg',50737699,'{\"owner\": \"Jerod Smitham\"}',2,'1976-10-02 23:06:01','2020-08-02 21:55:52'),(64,93,'https://dropbox/vk/ipsum.avi',68146,'{\"owner\": \"Alf Wilkinson\"}',3,'2013-09-04 10:51:51','2020-08-02 21:55:52'),(65,7,'https://dropbox/vk/molestiae.png',17308,'{\"owner\": \"Lewis Sipes\"}',2,'1987-02-28 18:48:57','2020-08-02 21:55:52'),(66,53,'https://dropbox/vk/tempora.mpeg',932795697,'{\"owner\": \"Jerod Smitham\"}',3,'2001-09-12 01:07:49','2020-08-02 21:55:52'),(67,43,'https://dropbox/vk/quia.png',330147,'{\"owner\": \"Leopold Johnson\"}',3,'2016-02-28 23:36:16','2020-08-02 21:55:52'),(68,55,'https://dropbox/vk/ut.jpeg',476383969,'{\"owner\": \"Janet Shields\"}',3,'2010-02-11 18:53:38','2020-08-02 21:55:52'),(69,44,'https://dropbox/vk/accusamus.jpeg',586312503,'{\"owner\": \"Judson Gorczany\"}',2,'1996-09-01 12:31:54','2020-08-02 21:55:52'),(70,58,'https://dropbox/vk/et.avi',588811,'{\"owner\": \"Nellie Rowe\"}',3,'1971-01-19 23:01:44','2020-08-02 21:55:52'),(71,55,'https://dropbox/vk/quibusdam.jpeg',3736,'{\"owner\": \"Janet Shields\"}',2,'1976-02-18 23:36:15','2020-08-02 21:55:52'),(72,3,'https://dropbox/vk/eum.mpeg',358390,'{\"owner\": \"Brandy Bayer\"}',3,'2001-06-08 05:41:22','2020-08-02 21:55:52'),(73,48,'https://dropbox/vk/reiciendis.png',943613,'{\"owner\": \"Caesar Hintz\"}',2,'2004-12-07 03:05:23','2020-08-02 21:55:52'),(74,30,'https://dropbox/vk/ut.jpeg',603890031,'{\"owner\": \"Eddie Bins\"}',1,'1971-09-03 04:22:47','2020-08-02 21:55:52'),(75,7,'https://dropbox/vk/omnis.mpeg',9758,'{\"owner\": \"Lewis Sipes\"}',2,'1971-08-17 20:37:09','2020-08-02 21:55:52'),(76,45,'https://dropbox/vk/sint.jpeg',941635,'{\"owner\": \"Alyson Schuppe\"}',2,'2015-05-25 22:05:44','2020-08-02 21:55:52'),(77,1,'https://dropbox/vk/est.avi',34722978,'{\"owner\": \"Celestine Stark\"}',1,'2009-05-22 03:53:09','2020-08-02 21:55:52'),(78,72,'https://dropbox/vk/sit.avi',399982563,'{\"owner\": \"Milo Brakus\"}',1,'1976-04-18 17:01:17','2020-08-02 21:55:52'),(79,55,'https://dropbox/vk/enim.jpeg',313439,'{\"owner\": \"Janet Shields\"}',1,'1981-08-02 16:35:36','2020-08-02 21:55:52'),(80,59,'https://dropbox/vk/molestiae.avi',867335,'{\"owner\": \"Deonte Corwin\"}',2,'1987-07-16 14:50:52','2020-08-02 21:55:52'),(81,29,'https://dropbox/vk/neque.jpeg',5681,'{\"owner\": \"Jazmyn Cronin\"}',3,'1981-12-22 11:30:13','2020-08-02 21:55:52'),(82,69,'https://dropbox/vk/voluptatibus.mpeg',94882069,'{\"owner\": \"Sharon Kautzer\"}',3,'1977-06-25 16:00:47','2020-08-02 21:55:52'),(83,57,'https://dropbox/vk/accusamus.jpeg',501770,'{\"owner\": \"Aniya Boehm\"}',1,'2013-08-22 17:14:42','2020-08-02 21:55:52'),(84,76,'https://dropbox/vk/quia.avi',896848,'{\"owner\": \"Mylene Oberbrunner\"}',2,'2016-01-09 17:57:34','2020-08-02 21:55:52'),(85,10,'https://dropbox/vk/non.png',968929,'{\"owner\": \"Neal Hegmann\"}',2,'1974-07-30 02:52:18','2020-08-02 21:55:52'),(86,19,'https://dropbox/vk/harum.jpeg',316517825,'{\"owner\": \"Tobin Sauer\"}',1,'1974-07-06 08:17:58','2020-08-02 21:55:52'),(87,67,'https://dropbox/vk/maxime.png',144104,'{\"owner\": \"Maxwell Swift\"}',2,'2017-01-06 18:56:16','2020-08-02 21:55:52'),(88,75,'https://dropbox/vk/voluptatem.mpeg',1923,'{\"owner\": \"Percival Harris\"}',1,'1975-07-14 15:00:38','2020-08-02 21:55:52'),(89,73,'https://dropbox/vk/odio.avi',208904878,'{\"owner\": \"Mona Lind\"}',1,'1980-12-08 15:22:27','2020-08-02 21:55:52'),(90,41,'https://dropbox/vk/voluptates.jpeg',803731,'{\"owner\": \"Kaitlin Koepp\"}',3,'1991-06-21 00:49:30','2020-08-02 21:55:52'),(91,87,'https://dropbox/vk/ipsam.avi',82048,'{\"owner\": \"Nicklaus Herzog\"}',2,'1997-12-21 12:29:57','2020-08-02 21:55:52'),(92,12,'https://dropbox/vk/error.png',576343,'{\"owner\": \"Grace Oberbrunner\"}',2,'2014-04-16 16:42:37','2020-08-02 21:55:52'),(93,97,'https://dropbox/vk/voluptates.jpeg',33832,'{\"owner\": \"Vincenzo Russel\"}',1,'1995-12-24 08:57:09','2020-08-02 21:55:52'),(94,51,'https://dropbox/vk/fuga.avi',73040364,'{\"owner\": \"Camilla Schoen\"}',3,'1985-10-03 01:05:54','2020-08-02 21:55:52'),(95,60,'https://dropbox/vk/vel.png',83374,'{\"owner\": \"Cristobal Kihn\"}',3,'2016-11-06 19:29:23','2020-08-02 21:55:52'),(96,48,'https://dropbox/vk/neque.png',460523,'{\"owner\": \"Caesar Hintz\"}',1,'2006-08-12 11:59:01','2020-08-02 21:55:52'),(97,58,'https://dropbox/vk/molestiae.avi',91590497,'{\"owner\": \"Nellie Rowe\"}',3,'1972-01-18 21:22:57','2020-08-02 21:55:52'),(98,49,'https://dropbox/vk/qui.avi',563586,'{\"owner\": \"Matt Keebler\"}',2,'1989-09-01 21:55:22','2020-08-02 21:55:52'),(99,67,'https://dropbox/vk/quis.png',63681,'{\"owner\": \"Maxwell Swift\"}',3,'2005-06-20 15:15:39','2020-08-02 21:55:52'),(100,89,'https://dropbox/vk/velit.mpeg',426362,'{\"owner\": \"Annetta Marvin\"}',2,'2012-08-11 05:18:43','2020-08-02 21:55:52'),(101,41,'https://dropbox/vk/dicta.avi',431052,'{\"owner\": \"Kaitlin Koepp\"}',1,'2009-07-27 18:56:21','2020-08-02 21:55:52'),(102,40,'https://dropbox/vk/dolorem.avi',69363,'{\"owner\": \"Elise Carter\"}',1,'2007-01-29 08:51:14','2020-08-02 21:55:52'),(103,75,'https://dropbox/vk/suscipit.jpeg',866173,'{\"owner\": \"Percival Harris\"}',3,'1993-11-10 08:04:04','2020-08-02 21:55:52'),(104,55,'https://dropbox/vk/sit.png',1864,'{\"owner\": \"Janet Shields\"}',3,'1985-07-31 17:52:58','2020-08-02 21:55:52'),(105,48,'https://dropbox/vk/accusamus.mpeg',8381,'{\"owner\": \"Caesar Hintz\"}',2,'2000-03-18 20:37:29','2020-08-02 21:55:52'),(106,74,'https://dropbox/vk/quia.png',484837,'{\"owner\": \"Katheryn Roob\"}',3,'2001-11-01 11:02:53','2020-08-02 21:55:52'),(107,26,'https://dropbox/vk/quia.png',77589895,'{\"owner\": \"Arnoldo Daniel\"}',3,'2004-08-18 17:56:32','2020-08-02 21:55:52'),(108,7,'https://dropbox/vk/facilis.jpeg',27712,'{\"owner\": \"Lewis Sipes\"}',3,'1974-03-16 11:48:38','2020-08-02 21:55:52'),(109,55,'https://dropbox/vk/a.mpeg',530042,'{\"owner\": \"Janet Shields\"}',3,'2005-07-14 17:29:55','2020-08-02 21:55:52'),(110,57,'https://dropbox/vk/voluptatem.mpeg',37277640,'{\"owner\": \"Aniya Boehm\"}',2,'1992-07-09 19:55:05','2020-08-02 21:55:52');
/*!40000 ALTER TABLE `media` ENABLE KEYS */;
UNLOCK TABLES;

--
-- Table structure for table `media_types`
--

DROP TABLE IF EXISTS `media_types`;
/*!40101 SET @saved_cs_client     = @@character_set_client */;
/*!50503 SET character_set_client = utf8mb4 */;
CREATE TABLE `media_types` (
  `id` int unsigned NOT NULL AUTO_INCREMENT COMMENT 'Идентификатор строки',
  `name` varchar(255) CHARACTER SET utf8 COLLATE utf8_unicode_ci NOT NULL COMMENT 'Название типа',
  `created_at` datetime DEFAULT CURRENT_TIMESTAMP COMMENT 'Время создания строки',
  PRIMARY KEY (`id`),
  UNIQUE KEY `name` (`name`)
) ENGINE=InnoDB AUTO_INCREMENT=14 DEFAULT CHARSET=utf8 COLLATE=utf8_unicode_ci COMMENT='Типы медиафайлов';
/*!40101 SET character_set_client = @saved_cs_client */;

--
-- Dumping data for table `media_types`
--

LOCK TABLES `media_types` WRITE;
/*!40000 ALTER TABLE `media_types` DISABLE KEYS */;
INSERT INTO `media_types` VALUES (1,'minima','2019-01-28 04:21:15'),(2,'doloribus','1970-10-26 07:36:04'),(3,'voluptates','2012-08-09 18:03:13'),(4,'ipsum','2004-04-14 22:24:05'),(5,'ducimus','1972-10-27 07:15:21'),(6,'voluptas','1971-11-05 19:09:02'),(7,'esse','1973-02-07 07:14:16'),(8,'ex','1998-02-27 14:35:38'),(9,'id','1996-05-20 07:48:12'),(10,'non','2016-11-01 11:25:27'),(11,'photo','2020-08-02 21:55:52'),(12,'video','2020-08-02 21:55:52'),(13,'audio','2020-08-02 21:55:52');
/*!40000 ALTER TABLE `media_types` ENABLE KEYS */;
UNLOCK TABLES;

--
-- Table structure for table `messages`
--

DROP TABLE IF EXISTS `messages`;
/*!40101 SET @saved_cs_client     = @@character_set_client */;
/*!50503 SET character_set_client = utf8mb4 */;
CREATE TABLE `messages` (
  `id` int unsigned NOT NULL AUTO_INCREMENT COMMENT 'Идентификатор строки',
  `from_user_id` int unsigned NOT NULL COMMENT 'Ссылка на отправителя сообщения',
  `to_user_id` int unsigned NOT NULL COMMENT 'Ссылка на получателя сообщения',
  `body` text CHARACTER SET utf8 COLLATE utf8_unicode_ci NOT NULL COMMENT 'Текст сообщения',
  `is_important` tinyint(1) DEFAULT NULL COMMENT 'Признак важности',
  `is_delivered` tinyint(1) DEFAULT NULL COMMENT 'Признак доставки',
  `is_modified` tinyint(1) DEFAULT NULL,
  `created_at` datetime DEFAULT CURRENT_TIMESTAMP COMMENT 'Время создания строки',
  `updated_at` datetime DEFAULT CURRENT_TIMESTAMP ON UPDATE CURRENT_TIMESTAMP COMMENT 'Время обновления строки',
  PRIMARY KEY (`id`)
) ENGINE=InnoDB AUTO_INCREMENT=101 DEFAULT CHARSET=utf8 COLLATE=utf8_unicode_ci COMMENT='Сообщения';
/*!40101 SET character_set_client = @saved_cs_client */;

--
-- Dumping data for table `messages`
--

LOCK TABLES `messages` WRITE;
/*!40000 ALTER TABLE `messages` DISABLE KEYS */;
INSERT INTO `messages` VALUES (1,55,42,'Minus deserunt et quidem ut. Ut impedit veniam dolorum ea voluptatem suscipit deleniti. Vel soluta rerum est quod adipisci.',1,0,NULL,'2002-03-03 21:18:13','2020-08-02 21:55:52'),(2,45,98,'Ea esse totam tempora voluptas quae quia. Eius corrupti eos dolor aut natus. Qui excepturi iste dolor libero quis.',1,0,NULL,'1993-10-12 21:31:34','2020-08-02 21:55:52'),(3,56,86,'Consectetur et soluta minus perspiciatis. Labore eveniet eveniet omnis numquam fugit pariatur.',0,1,NULL,'2017-09-03 04:15:57','2020-08-02 21:55:52'),(4,61,46,'Laboriosam explicabo ut et et voluptates sint. Vitae minima illum earum et. Officia blanditiis recusandae nostrum odit. Animi quaerat doloribus deserunt non.',0,0,NULL,'1977-06-19 11:15:43','2020-08-02 21:55:52'),(5,49,3,'Aut sint rem vel laudantium eligendi quia possimus. Omnis sunt neque hic reprehenderit molestias. Repellat praesentium tempore voluptatem blanditiis est iste sit expedita. Vitae et quo maiores voluptatum nihil.',0,1,NULL,'1987-09-21 05:29:42','2020-08-02 21:55:52'),(6,68,32,'Assumenda molestiae sapiente esse ut. Reiciendis in blanditiis veritatis ipsum ratione maxime odit non. Fugiat dolorum quam dignissimos rerum.',0,1,NULL,'1994-01-13 14:51:00','2020-08-02 21:55:52'),(7,54,74,'Nihil earum consequatur voluptatem tempora. Amet ea voluptatem saepe vero et eius et. Nulla est nulla laudantium rerum dolorem veniam aliquam ratione. Asperiores repudiandae et officiis consequatur aut voluptatem incidunt.',1,0,NULL,'2006-06-04 06:39:49','2020-08-02 21:55:52'),(8,7,12,'Fuga consequuntur et nam ratione beatae. Dolor ab temporibus praesentium. Ad facere qui voluptates sequi asperiores perspiciatis ipsa. In autem veritatis dolorem velit molestiae facilis.',1,1,NULL,'1976-07-21 02:49:05','2020-08-02 21:55:52'),(9,38,55,'Officiis rerum soluta et qui quos. Debitis qui sint harum. Numquam ullam autem vel quisquam. Aut fugiat aut nesciunt rem voluptas possimus occaecati.',0,0,NULL,'2005-03-19 20:08:44','2020-08-02 21:55:52'),(10,59,32,'Autem veniam natus quisquam numquam molestiae. Quaerat voluptatem minus nostrum placeat atque iure minima. Consequatur exercitationem commodi ullam unde neque molestiae odio. Deserunt animi aut nostrum porro qui autem.',0,0,NULL,'2017-12-18 15:41:36','2020-08-02 21:55:52'),(11,81,9,'Consequuntur natus dolor eos repellat soluta aliquam unde. Illo facilis veniam sit voluptate consectetur nobis. Rerum sit voluptas facilis omnis aperiam provident recusandae.',1,1,NULL,'1989-07-22 03:48:29','2020-08-02 21:55:52'),(12,1,78,'Ab sit qui dolorem eos incidunt. Dignissimos perferendis voluptatibus sequi. Ratione facere officia aperiam delectus.',1,0,NULL,'1980-11-13 07:54:29','2020-08-02 21:55:52'),(13,86,95,'Enim nobis voluptas nulla voluptas repudiandae eum quaerat. Laboriosam recusandae accusantium rem nobis voluptatem. Repudiandae est est soluta. Inventore dolor fugiat molestiae optio et sint.',1,0,NULL,'1993-11-03 18:59:21','2020-08-02 21:55:52'),(14,16,97,'Autem voluptatum quas consectetur. Est quasi sint non reiciendis laudantium optio rerum. Et tenetur ratione sed qui incidunt.',1,1,NULL,'2012-05-09 14:56:54','2020-08-02 21:55:52'),(15,34,78,'Minus quia aut velit perferendis. Dolores dolor ea quia suscipit omnis omnis ut. Et explicabo vitae qui libero. Explicabo dolor tenetur ea iure nostrum similique.',0,1,NULL,'2019-05-19 16:10:06','2020-08-02 21:55:52'),(16,88,4,'Aspernatur repudiandae eius sit sed. Sit ex qui blanditiis aliquid. Alias blanditiis eum aut ratione voluptas velit eos. Ratione consequatur quis excepturi libero.',1,0,NULL,'2006-06-13 20:20:43','2020-08-02 21:55:52'),(17,58,77,'Architecto officiis voluptas dolorem et sint corrupti aperiam. Consequuntur aut illum modi voluptatem. Repellat aut quasi quia est quas vitae.',0,1,NULL,'2014-04-09 07:47:31','2020-08-02 21:55:52'),(18,10,18,'Quaerat voluptas deleniti nobis. Possimus quaerat et suscipit alias totam facilis tempora.',0,1,NULL,'1972-10-25 09:20:20','2020-08-02 21:55:52'),(19,60,45,'Eveniet id fugiat vel et voluptate molestias. Asperiores hic doloremque mollitia quas.',0,1,NULL,'1986-11-07 09:30:29','2020-08-02 21:55:52'),(20,45,88,'Incidunt aut vero voluptates quo labore labore ut. Nam voluptate adipisci aut omnis dicta. Consequatur laborum qui ducimus sint error alias maxime. Omnis nam quia qui ducimus.',1,0,NULL,'2017-01-03 12:44:26','2020-08-02 21:55:52'),(21,7,71,'Qui et eligendi voluptatem doloremque omnis aut ullam dolorem. Optio architecto dicta dignissimos aut tempore repudiandae soluta. Consectetur dolore fuga consequatur aut est sapiente. Nihil magnam voluptatem aut eligendi accusamus neque.',0,1,NULL,'2012-02-06 06:15:40','2020-08-02 21:55:52'),(22,31,44,'Ut commodi quos rerum voluptatem rerum. Officia et cupiditate alias similique perferendis facere possimus. Doloribus tempore voluptatem reprehenderit repellat. Omnis cum at ullam optio voluptates.',1,0,NULL,'2003-08-09 16:40:57','2020-08-02 21:55:52'),(23,25,94,'Autem rerum optio qui doloremque aut. Exercitationem aliquam est similique minus qui. Delectus est mollitia suscipit est consequatur quidem.',0,1,NULL,'2007-06-15 08:48:32','2020-08-02 21:55:52'),(24,94,89,'Aut fugiat aliquam quibusdam iste. Quis porro odit sit porro voluptas sint. Eum ad ut nulla laboriosam omnis. Pariatur in fuga qui harum voluptatem.',1,0,NULL,'1988-12-20 16:38:28','2020-08-02 21:55:52'),(25,62,41,'Aliquid voluptate voluptatem repellat voluptatum ut. Occaecati debitis et cumque soluta modi molestiae suscipit. Deserunt eum dolores voluptatem.',1,1,NULL,'1982-11-15 02:38:03','2020-08-02 21:55:52'),(26,21,82,'Sit ea facilis eaque voluptatem eos. Voluptatibus voluptatibus recusandae vel et et et possimus. Pariatur tempora facere tempore ducimus omnis laboriosam sapiente. Delectus optio delectus sapiente voluptate est hic.',1,0,NULL,'1988-07-25 16:41:26','2020-08-02 21:55:52'),(27,43,71,'Cumque rerum id iusto veritatis. Quaerat at dignissimos velit in. Excepturi odio sed voluptatem animi eligendi fugit.',1,0,NULL,'1995-12-11 11:32:59','2020-08-02 21:55:52'),(28,25,13,'Officiis animi qui exercitationem necessitatibus aperiam quisquam sed aut. Voluptatem nostrum esse quod nobis quaerat.',1,0,NULL,'1978-06-06 00:53:21','2020-08-02 21:55:52'),(29,87,96,'Vel non distinctio eos sit dolor et aliquid. Velit quisquam non quae sed et rerum. Quia numquam doloremque facilis deleniti fugiat et.',0,0,NULL,'1982-02-02 22:22:30','2020-08-02 21:55:52'),(30,20,9,'Placeat nemo illo ut non. Quos dolores fugiat corrupti possimus suscipit dolorem dolorem. Non quis autem deleniti eos officiis. Eius asperiores expedita sed ipsam iusto ut quia.',0,1,NULL,'1985-10-18 10:26:11','2020-08-02 21:55:52'),(31,87,7,'Perspiciatis autem error deleniti. Architecto eum consequatur repellendus cum et sint. Eum esse qui asperiores impedit occaecati magnam quaerat officiis.',0,0,NULL,'1992-10-28 07:12:53','2020-08-02 21:55:52'),(32,72,38,'Dolore tempore velit eveniet ut non molestiae autem. Quo neque consequatur quo quo perferendis quo dolorem. Iure et voluptate qui qui in nisi magni. Molestiae eos eos ut autem maiores. Provident perferendis laboriosam at distinctio explicabo ea voluptas.',1,0,NULL,'2015-02-28 13:47:55','2020-08-02 21:55:52'),(33,75,60,'Quo molestias rerum tempora voluptatibus non aliquam. Quis explicabo est dicta ea et. Sit architecto earum doloribus.',0,0,NULL,'2017-12-18 20:16:37','2020-08-02 21:55:52'),(34,73,87,'Aperiam maxime maiores quia laboriosam. Eligendi ipsa perspiciatis et rerum. Quia libero fugiat assumenda. Ipsa ipsa sapiente facere dolor. In qui laudantium quaerat et rem harum.',1,1,NULL,'1982-08-22 06:04:29','2020-08-02 21:55:52'),(35,16,17,'Ut sint non dignissimos expedita voluptatem minima pariatur. Provident eveniet voluptatibus voluptas in animi eveniet iure. Aspernatur hic corrupti itaque ut saepe vero.',0,1,NULL,'1994-09-12 14:31:44','2020-08-02 21:55:52'),(36,39,41,'Vel nihil aut reprehenderit aut rerum laudantium illum. Sint pariatur molestiae voluptatibus quas aperiam dolor dolorem dolorem. Temporibus cupiditate ea rerum sunt earum.',1,1,NULL,'1974-01-15 13:18:39','2020-08-02 21:55:52'),(37,90,24,'Magni optio est recusandae qui aut distinctio. Sequi explicabo beatae qui est beatae. Incidunt ab mollitia reprehenderit fugit et soluta. Architecto consequuntur blanditiis consequatur dolores ratione assumenda dolores. Nostrum repellat cum consectetur quibusdam.',0,0,NULL,'1971-06-15 04:51:21','2020-08-02 21:55:52'),(38,50,78,'Natus voluptatibus dolorem sunt molestiae vitae consequatur ipsum. Ipsam omnis aut et iure nesciunt ut. Sit commodi et aut at at. Iste reiciendis nostrum saepe a quia est voluptatibus.',1,0,NULL,'1982-07-05 23:00:33','2020-08-02 21:55:52'),(39,41,71,'Aut ut harum quisquam similique eos recusandae earum. Accusamus suscipit voluptates aliquid molestiae beatae explicabo. Velit assumenda voluptatem quasi sed ad. Quis ipsam autem et voluptas provident molestiae ad.',0,0,NULL,'1970-08-25 16:33:16','2020-08-02 21:55:52'),(40,30,36,'Odit et quia dignissimos impedit. Itaque sequi temporibus itaque quia reiciendis. Quasi nostrum beatae quia. Dolorem quaerat voluptate minima quasi.',1,1,NULL,'2014-09-23 02:18:18','2020-08-02 21:55:52'),(41,92,49,'Asperiores autem eveniet non natus a aspernatur. Quo ea doloribus omnis dolorem debitis. Laudantium praesentium incidunt qui nisi maiores est.',1,0,NULL,'1997-03-13 10:29:53','2020-08-02 21:55:52'),(42,71,5,'Cupiditate quia sit nostrum rerum laboriosam repellat. Id amet vero tempora omnis facilis. Placeat molestiae sed debitis fuga. In qui tenetur repudiandae vero similique nobis debitis.',1,0,NULL,'1976-09-05 06:28:50','2020-08-02 21:55:52'),(43,14,55,'Sint et quo ut saepe voluptatum. Doloribus quam ab repellendus fugit voluptatem et. Asperiores est quisquam esse molestias qui. Numquam vel et quo mollitia.',1,0,NULL,'2000-12-31 07:35:16','2020-08-02 21:55:52'),(44,32,94,'Aut deserunt quae eligendi provident. Eveniet nulla voluptatem molestias ut dignissimos. Dolore delectus architecto autem aut. Nulla eius ut possimus id voluptas eaque minima iure.',1,1,NULL,'1999-05-01 02:08:06','2020-08-02 21:55:52'),(45,74,86,'Magnam natus quia et iste excepturi rerum. Nobis et facilis itaque. Beatae inventore fuga nesciunt nihil.',0,1,NULL,'1986-01-27 08:37:39','2020-08-02 21:55:52'),(46,9,85,'Odit itaque hic qui dolores perferendis ratione. Rerum qui incidunt totam. Dolores laboriosam deserunt dolorem consequatur qui et. Ea quia doloremque consectetur consequatur et nihil hic.',0,1,NULL,'1979-11-16 20:32:27','2020-08-02 21:55:52'),(47,99,39,'Et occaecati enim repellat non temporibus. Quo molestiae sequi libero fuga provident quasi. Velit sed iste sed maxime sit enim qui. A quia non voluptatem voluptatum.',1,1,NULL,'1998-12-04 10:52:58','2020-08-02 21:55:52'),(48,97,70,'Tenetur odit laudantium quae rem aspernatur qui. Et et sapiente delectus itaque et enim ullam. Et cum quae voluptatem vel quisquam non.',1,0,NULL,'2015-11-03 21:07:25','2020-08-02 21:55:52'),(49,57,74,'Vitae vel omnis soluta et illo asperiores est. In est fuga vero minima et voluptatem nulla. Cum atque corporis et quaerat eum facilis consequatur. Enim omnis voluptate enim aspernatur qui repudiandae nihil.',0,1,NULL,'1971-08-12 10:00:05','2020-08-02 21:55:52'),(50,97,64,'Laborum sit pariatur alias occaecati veritatis id cumque. Qui molestiae architecto blanditiis et eos. Ea magni unde enim autem. Voluptatibus mollitia asperiores doloribus in.',1,0,NULL,'2016-11-30 11:36:27','2020-08-02 21:55:52'),(51,29,51,'Placeat voluptas quasi sed quo dolor id cum. Animi quod eum excepturi voluptatibus totam officia ad. Sed voluptatem recusandae sunt quos. Et consequatur unde sapiente non tenetur. Illum mollitia esse sint aperiam rem cumque eos qui.',1,1,NULL,'2003-05-20 13:35:04','2020-08-02 21:55:52'),(52,69,91,'Quisquam tempora rerum sed ab ex error itaque. Minima velit voluptatum aut. Exercitationem necessitatibus sed illum repellat. Alias omnis et odit vero qui et omnis.',1,0,NULL,'2007-03-27 06:03:24','2020-08-02 21:55:52'),(53,45,55,'Vel aut et nesciunt. Fugit enim quo beatae qui voluptatem doloremque modi. Autem sit sit dolor possimus voluptatem. Nemo accusantium dolor ut eos.',0,1,NULL,'1998-07-18 22:08:09','2020-08-02 21:55:52'),(54,39,27,'Quia omnis beatae est suscipit est. Labore vel asperiores ratione autem voluptatum qui ea. Quam in voluptatum consequatur magni ratione enim. Nesciunt qui aut cupiditate enim sint quia.',1,0,NULL,'1973-07-23 22:12:33','2020-08-02 21:55:52'),(55,21,22,'Cumque omnis error qui. Id aut odit non reprehenderit et. Sed illum ut sed molestiae soluta. Pariatur voluptatibus odio est et nihil quidem.',1,1,NULL,'2013-01-16 17:09:36','2020-08-02 21:55:52'),(56,45,60,'Quia occaecati ad voluptate. Ea asperiores dolorem error aperiam sunt. Est ut commodi et eaque nisi sapiente illo.',1,1,NULL,'2016-01-04 14:26:39','2020-08-02 21:55:52'),(57,66,50,'Aliquam enim incidunt cum voluptas quisquam. Pariatur velit magni repudiandae eaque optio. Aperiam a voluptate harum voluptates corrupti quos. Cupiditate eos ipsa quia et. Ullam aut et excepturi qui in.',1,1,NULL,'1973-01-13 06:57:06','2020-08-02 21:55:52'),(58,48,93,'Quod nemo facere temporibus perspiciatis. Dolorum qui facilis sit quos similique voluptates aut. Esse quidem consequuntur eligendi et in. Earum cumque nobis cumque architecto vero. Rerum voluptatem dignissimos vel magnam et nobis ea.',1,1,NULL,'1992-07-08 21:59:57','2020-08-02 21:55:52'),(59,17,9,'Magni expedita et aut exercitationem. Voluptas fuga facere eligendi tempora voluptatem eum reiciendis. Fugiat accusantium aspernatur asperiores quae et. Sunt dolor veritatis voluptatum quasi.',1,1,NULL,'2002-07-09 05:54:02','2020-08-02 21:55:52'),(60,91,30,'Perferendis perspiciatis consequuntur eum. Ipsum voluptatum non cum harum. Eaque dolorum qui perspiciatis consequatur molestiae numquam. Distinctio voluptatem sunt cum et ipsam facilis cum.',1,0,NULL,'2008-08-05 21:16:12','2020-08-02 21:55:52'),(61,74,82,'Et illum excepturi vel aliquam est veritatis. Dolorem sit autem ad earum hic eos. Nihil doloremque architecto sunt laboriosam debitis quod molestiae.',1,0,NULL,'1990-03-18 07:03:06','2020-08-02 21:55:52'),(62,86,82,'Quisquam et sed ut ipsam odio. At quo fugiat neque laudantium voluptas tenetur aspernatur alias. Quo non ratione sed nam.',0,1,NULL,'2015-05-19 19:09:43','2020-08-02 21:55:52'),(63,55,25,'Culpa perspiciatis quo at nulla itaque voluptates ut quo. Consequatur omnis velit occaecati voluptas quo enim nobis. Et magnam nihil cumque ex quis et perspiciatis debitis. Et molestiae quia perferendis odit.',1,0,NULL,'1989-04-04 22:00:06','2020-08-02 21:55:52'),(64,60,27,'Quibusdam voluptate est ullam debitis sint rerum cupiditate. Vel quod consequuntur quod quae voluptatem impedit. Iusto quo sit eos rerum eos soluta cum. Saepe recusandae totam facilis qui delectus sint adipisci.',1,0,NULL,'2019-09-14 17:03:20','2020-08-02 21:55:52'),(65,53,83,'Fugiat eius blanditiis sit sint. Quis eveniet dicta sit rerum. Quam itaque et commodi atque saepe consequatur repudiandae. Incidunt praesentium quia molestiae facere odio velit est modi.',1,0,NULL,'1976-04-10 17:59:36','2020-08-02 21:55:52'),(66,55,27,'Placeat vero eum quis maiores sed. Voluptatum quae velit quia minima illo. Ut cumque ipsum et delectus et.',0,0,NULL,'2016-08-26 08:06:03','2020-08-02 21:55:52'),(67,69,63,'Eum cumque quis officiis minima. Quae voluptas rerum et non. In harum delectus alias aut culpa. Vel dolor accusamus sint et.',1,1,NULL,'2000-04-18 00:48:20','2020-08-02 21:55:52'),(68,8,50,'Repellat voluptates est labore reprehenderit et. Esse ipsam vel aut aut porro. Ea sit optio nam eos.',1,1,NULL,'1989-07-12 03:24:57','2020-08-02 21:55:52'),(69,27,84,'Fugiat quo ut nobis et quos delectus dolorem consectetur. Soluta inventore commodi consequatur labore qui modi. Mollitia explicabo inventore mollitia.',0,0,NULL,'2010-05-13 13:05:56','2020-08-02 21:55:52'),(70,37,35,'Inventore eos quod ea. Quia aut laboriosam est quos sint. Esse architecto amet rem ut iure explicabo odit. Velit minus modi voluptatem modi sequi necessitatibus.',0,1,NULL,'2017-02-08 16:23:09','2020-08-02 21:55:52'),(71,64,14,'Aspernatur autem non earum magni qui. Ut sit reprehenderit hic sit consequatur asperiores libero. Officiis magnam eum nihil magni.',1,1,NULL,'1989-01-18 16:27:27','2020-08-02 21:55:52'),(72,77,43,'Ut maxime aliquam veniam perspiciatis illo ullam. Non sed velit aperiam quam. Nesciunt voluptatem esse omnis iste in assumenda. Quia minus est rerum aut.',0,1,NULL,'2005-01-31 07:17:05','2020-08-02 21:55:52'),(73,81,77,'Qui eaque est odio ipsa. Dolorem sunt eligendi dignissimos facere. Enim commodi accusamus iste. Fugit corrupti praesentium consequuntur dignissimos aliquid vel itaque dolorum.',1,0,NULL,'1991-12-28 21:25:11','2020-08-02 21:55:52'),(74,43,84,'Distinctio et est quis atque voluptas mollitia. Architecto itaque est officia sit enim nemo. Repellat quisquam fugiat sunt dolor vero. Excepturi quod sed ut cumque.',1,0,NULL,'1983-04-26 05:30:34','2020-08-02 21:55:52'),(75,90,97,'Tempore et laudantium recusandae id. Autem optio aut aut tempora minus. Aut consectetur fuga voluptates molestiae aperiam ab tempore harum.',1,0,NULL,'2017-08-01 16:35:00','2020-08-02 21:55:52'),(76,14,80,'Quam dolor accusantium aliquam ea rerum cum. Consequuntur soluta laudantium molestiae quae. Voluptatibus doloribus quod reiciendis.',1,1,NULL,'1991-01-20 10:51:04','2020-08-02 21:55:52'),(77,55,37,'Tempora provident nisi dolores saepe autem temporibus quam. Officia doloribus illo dolor et est qui quod. Laudantium sint vitae consequuntur necessitatibus fugit et.',1,0,NULL,'1976-12-31 12:08:57','2020-08-02 21:55:52'),(78,18,77,'Sint expedita soluta magnam similique quos repellat ducimus. Exercitationem alias corporis quae corrupti asperiores magni amet tenetur. Voluptates sed maxime voluptatem laudantium occaecati quod quia perferendis. Cupiditate sed rerum ut est sunt.',1,1,NULL,'1973-04-27 20:51:06','2020-08-02 21:55:52'),(79,33,34,'Voluptas fugiat iste ullam esse. Deserunt sed fugit modi eius dolorem. Doloremque incidunt repellendus praesentium placeat et aut. Non dolor dolore veniam cupiditate qui temporibus. Ex vero dignissimos est consequuntur.',1,1,NULL,'1971-10-04 12:50:08','2020-08-02 21:55:52'),(80,70,45,'Asperiores inventore in accusantium. Repudiandae voluptates ullam numquam qui. Eveniet nobis labore ipsum quaerat voluptas nam.',1,0,NULL,'2000-08-28 17:47:33','2020-08-02 21:55:52'),(81,17,49,'Corporis ratione ratione quod officiis temporibus. Ut quaerat eum aliquid nisi. Quae nam neque deserunt.',0,0,NULL,'2019-11-19 08:04:03','2020-08-02 21:55:52'),(82,95,25,'Aliquam est deleniti ut necessitatibus id temporibus. Laboriosam sit incidunt quod tenetur perspiciatis numquam fuga. Accusamus quisquam voluptas id deserunt. Dolorem dolore alias aut adipisci temporibus.',1,0,NULL,'1992-08-20 05:59:44','2020-08-02 21:55:52'),(83,42,35,'Itaque facere reprehenderit eaque ut quam vero ut. Veniam doloremque numquam nam in. Perferendis culpa in est quis. Sit id quo iure.',1,0,NULL,'1990-05-30 07:30:39','2020-08-02 21:55:52'),(84,48,32,'Natus odit inventore nesciunt doloremque consequuntur earum aut. Voluptates et consequatur eaque et. Cum eaque voluptatum similique iure.',1,1,NULL,'1977-04-08 18:41:46','2020-08-02 21:55:52'),(85,18,93,'Et iste iste dolorem non officiis et voluptates reiciendis. Rerum hic accusantium esse quia.',1,0,NULL,'2007-03-27 18:53:43','2020-08-02 21:55:52'),(86,10,71,'Suscipit voluptatem ut architecto facilis vel. Ex ab placeat sequi facere tempore quod. Recusandae veniam harum quidem voluptates reiciendis.',1,1,NULL,'1991-04-08 11:39:48','2020-08-02 21:55:52'),(87,24,5,'Exercitationem quis libero consequatur reiciendis. Facere reprehenderit quas quisquam qui. Occaecati nesciunt pariatur facere iusto qui fugiat.',1,0,NULL,'1974-02-15 06:33:52','2020-08-02 21:55:52'),(88,53,52,'Deserunt dignissimos totam iste rem occaecati hic non. Quia repellat qui impedit dolorum sit voluptas. Beatae ducimus occaecati et ut non quam sit nesciunt. Et eaque odio modi labore vitae occaecati temporibus.',1,1,NULL,'1970-04-20 09:35:43','2020-08-02 21:55:52'),(89,97,31,'Et consequatur dolor ut voluptatem dolores dolorum aperiam. Provident quis facilis rerum sed optio iste. Unde temporibus unde atque fuga vero dicta. Qui consequatur illum iste minima voluptate.',0,1,NULL,'1991-06-12 14:04:57','2020-08-02 21:55:52'),(90,64,24,'Natus quia ab explicabo possimus voluptas porro. Placeat aut debitis quidem. Et eum sapiente repellat est quaerat rerum.',0,0,NULL,'1991-06-19 17:29:13','2020-08-02 21:55:52'),(91,30,75,'Ad officia consequuntur nisi nobis. Et consectetur deleniti amet quas non. At porro vitae dolore quo voluptatem ut explicabo. Est aspernatur incidunt quasi ut placeat eius dicta pariatur.',1,0,NULL,'2013-07-30 09:20:50','2020-08-02 21:55:52'),(92,86,5,'Earum praesentium suscipit soluta. Error molestias aperiam tenetur culpa sint. Fuga voluptas explicabo recusandae dolore. Ut reiciendis minus accusamus ipsum quasi eveniet.',0,1,NULL,'1980-09-12 13:57:28','2020-08-02 21:55:52'),(93,65,10,'Quam harum sed amet unde. Ut repellat reiciendis hic esse reprehenderit nulla nihil. Rerum ea animi explicabo veniam dolores incidunt ad sint. Ea provident error veniam expedita.',1,1,NULL,'2003-08-21 16:48:35','2020-08-02 21:55:52'),(94,55,46,'Numquam nihil natus cumque dolor tempora nisi earum. Dolores dolor et et et aut sed facere. Consequatur alias repudiandae dolor molestias illo doloremque. Quasi minima neque facilis illum consequatur.',1,1,NULL,'1983-09-19 02:39:31','2020-08-02 21:55:52'),(95,64,82,'Libero reprehenderit quia adipisci magni. Qui cupiditate esse qui nesciunt. Blanditiis maxime excepturi reiciendis praesentium consequuntur qui architecto.',0,1,NULL,'2011-06-06 11:21:54','2020-08-02 21:55:52'),(96,15,31,'Eos harum voluptas ut rerum aut eos et. Harum explicabo placeat harum hic quia. Dolore odit illum laudantium non.',1,0,NULL,'2000-12-12 18:15:05','2020-08-02 21:55:52'),(97,9,49,'Labore ut et magnam beatae amet repudiandae. Deserunt id nihil perspiciatis sed iste minus architecto perferendis. Rerum dolore dolores harum eveniet nisi qui libero.',0,0,NULL,'2007-06-15 02:55:06','2020-08-02 21:55:52'),(98,21,55,'Est laborum commodi quod. Numquam quia architecto itaque voluptas. Dolorum exercitationem rem consequatur error. At eligendi voluptas possimus adipisci.',0,0,NULL,'2010-06-24 16:56:36','2020-08-02 21:55:52'),(99,13,97,'Pariatur alias error enim. Necessitatibus non aut et error dolores dolor eligendi. Molestiae eligendi omnis dolore eveniet non consequatur. Alias est eum consequuntur et tenetur quia nesciunt.',1,1,NULL,'1972-11-10 23:49:46','2020-08-02 21:55:52'),(100,47,43,'Eveniet minus est impedit quis. Quos facilis reiciendis cum accusantium illo. Illum est quam illo voluptatibus sit autem non repellat. Temporibus fugiat sit perspiciatis.',1,1,NULL,'2006-02-28 03:00:03','2020-08-02 21:55:52');
/*!40000 ALTER TABLE `messages` ENABLE KEYS */;
UNLOCK TABLES;

--
-- Table structure for table `profiles`
--

DROP TABLE IF EXISTS `profiles`;
/*!40101 SET @saved_cs_client     = @@character_set_client */;
/*!50503 SET character_set_client = utf8mb4 */;
CREATE TABLE `profiles` (
  `user_id` int unsigned NOT NULL COMMENT 'Ссылка на пользователя',
  `gender` char(1) CHARACTER SET utf8 COLLATE utf8_unicode_ci NOT NULL COMMENT 'Пол',
  `birthday` date DEFAULT NULL COMMENT 'Дата рождения',
  `photo_id` int unsigned DEFAULT NULL COMMENT 'Ссылка на основную фотографию пользователя',
  `city` varchar(130) CHARACTER SET utf8 COLLATE utf8_unicode_ci DEFAULT NULL COMMENT 'Город проживания',
  `country` varchar(130) CHARACTER SET utf8 COLLATE utf8_unicode_ci DEFAULT NULL COMMENT 'Страна проживания',
  `updated_at` datetime DEFAULT CURRENT_TIMESTAMP ON UPDATE CURRENT_TIMESTAMP COMMENT 'Время обновления строки',
  PRIMARY KEY (`user_id`)
) ENGINE=InnoDB DEFAULT CHARSET=utf8 COLLATE=utf8_unicode_ci COMMENT='Профили';
/*!40101 SET character_set_client = @saved_cs_client */;

--
-- Dumping data for table `profiles`
--

LOCK TABLES `profiles` WRITE;
/*!40000 ALTER TABLE `profiles` DISABLE KEYS */;
INSERT INTO `profiles` VALUES (1,'f','1998-10-01',22,'Stammton','Russian Federation','2020-08-02 21:55:25'),(2,'f','2017-09-24',65,'Miguelborough','Germany','2020-08-02 21:55:25'),(3,'f','1981-09-03',59,'Samarafurt','Russian Federation','2020-08-02 21:55:25'),(4,'f','1986-01-29',99,'Port Britneychester','Russian Federation','2020-08-02 21:55:25'),(5,'m','1970-08-17',19,'Hellerchester','Belarus','2020-08-02 21:55:25'),(6,'f','2003-05-11',95,'East Vella','Germany','2020-08-02 21:55:25'),(7,'f','1986-10-31',20,'New Carolyn','Belarus','2020-08-02 21:55:25'),(8,'m','2008-03-07',13,'South Johannport','Germany','2020-08-02 21:55:25'),(9,'m','1982-06-18',4,'Lake Eduardo','Belarus','2020-08-02 21:55:25'),(10,'m','1981-02-03',81,'Faystad','Russian Federation','2020-08-02 21:55:25'),(11,'f','1993-08-09',92,'New Flavieton','Russian Federation','2020-08-02 21:55:25'),(12,'f','2012-06-30',16,'Chelseyhaven','Germany','2020-08-02 21:55:25'),(13,'f','2006-06-02',6,'New Jeffereyhaven','Belarus','2020-08-02 21:55:25'),(14,'m','1981-08-02',81,'New Carrollchester','Germany','2020-08-02 21:55:25'),(15,'m','1977-10-14',86,'Rueckerfurt','Russian Federation','2020-08-02 21:55:25'),(16,'f','1978-06-07',86,'Anikaville','Russian Federation','2020-08-02 21:55:25'),(17,'m','1997-03-05',70,'Port Joshua','Germany','2020-08-02 21:55:25'),(18,'m','2018-09-23',92,'Wuckerthaven','Germany','2020-08-02 21:55:25'),(19,'f','1979-01-02',49,'Breitenbergborough','Germany','2020-08-02 21:55:25'),(20,'m','2004-09-16',71,'West Maudville','Belarus','2020-08-02 21:55:25'),(21,'m','2002-11-16',8,'South Mateo','Germany','2020-08-02 21:55:25'),(22,'m','2016-09-21',24,'Port Weston','Germany','2020-08-02 21:55:25'),(23,'f','2006-05-23',95,'Odiemouth','Germany','2020-08-02 21:55:25'),(24,'f','1973-06-15',2,'West Antwon','Germany','2020-08-02 21:55:25'),(25,'f','2006-10-10',27,'Purdyton','Belarus','2020-08-02 21:55:25'),(26,'m','2015-04-15',27,'New Sharonmouth','Belarus','2020-08-02 21:55:25'),(27,'m','2019-05-26',54,'East Juliaborough','Germany','2020-08-02 21:55:25'),(28,'m','2010-06-01',90,'West Wilbertfurt','Belarus','2020-08-02 21:55:25'),(29,'f','2000-11-29',85,'Strosinmouth','Russian Federation','2020-08-02 21:55:25'),(30,'m','1975-08-02',54,'Wittingmouth','Belarus','2020-08-02 21:55:25'),(31,'m','1975-08-14',15,'Quitzonside','Germany','2020-08-02 21:55:25'),(32,'m','1983-09-13',13,'Damionside','Germany','2020-08-02 21:55:25'),(33,'f','2018-05-22',21,'New Jerome','Russian Federation','2020-08-02 21:55:25'),(34,'m','2014-12-29',64,'Schoenport','Belarus','2020-08-02 21:55:25'),(35,'f','2019-01-25',59,'Lake Reesefort','Germany','2020-08-02 21:55:25'),(36,'m','1975-05-12',99,'West Martina','Russian Federation','2020-08-02 21:55:25'),(37,'f','1982-02-01',19,'McCluremouth','Germany','2020-08-02 21:55:25'),(38,'f','1970-01-13',99,'Port Estella','Germany','2020-08-02 21:55:25'),(39,'m','1994-09-15',38,'Boscochester','Russian Federation','2020-08-02 21:55:25'),(40,'m','2011-04-12',92,'Aliyahburgh','Germany','2020-08-02 21:55:25'),(41,'f','1983-12-02',44,'South Opalton','Germany','2020-08-02 21:55:25'),(42,'m','2013-05-10',45,'South Lurlinefort','Russian Federation','2020-08-02 21:55:25'),(43,'f','1996-06-29',90,'Bobbiebury','Belarus','2020-08-02 21:55:25'),(44,'m','1975-12-03',17,'North June','Germany','2020-08-02 21:55:25'),(45,'f','1986-03-15',12,'Port Georgiannaside','Russian Federation','2020-08-02 21:55:25'),(46,'m','2018-04-18',10,'Jerdeton','Germany','2020-08-02 21:55:25'),(47,'f','1990-11-21',14,'North Bethfurt','Russian Federation','2020-08-02 21:55:25'),(48,'m','1971-12-14',40,'South Marcellaborough','Germany','2020-08-02 21:55:25'),(49,'m','2018-05-10',55,'New Christiana','Russian Federation','2020-08-02 21:55:25'),(50,'f','2016-08-28',57,'Lake Lauryn','Russian Federation','2020-08-02 21:55:25'),(51,'m','1993-12-10',19,'Fletatown','Germany','2020-08-02 21:55:25'),(52,'m','1997-12-27',23,'Port Blaisefurt','Russian Federation','2020-08-02 21:55:25'),(53,'m','1988-05-27',59,'West Jenniehaven','Russian Federation','2020-08-02 21:55:25'),(54,'f','1989-06-05',24,'Lake Turnertown','Russian Federation','2020-08-02 21:55:25'),(55,'f','1990-10-18',43,'Port Genesisland','Germany','2020-08-02 21:55:25'),(56,'m','2014-01-04',40,'Wolfton','Germany','2020-08-02 21:55:25'),(57,'m','2018-09-12',74,'Lake Emile','Belarus','2020-08-02 21:55:25'),(58,'m','2010-10-19',49,'Lexiton','Belarus','2020-08-02 21:55:25'),(59,'m','2015-07-22',20,'South Ramonburgh','Russian Federation','2020-08-02 21:55:25'),(60,'m','1997-11-16',54,'Coryport','Belarus','2020-08-02 21:55:25'),(61,'m','1973-10-21',10,'Port Myles','Russian Federation','2020-08-02 21:55:25'),(62,'f','1995-07-10',86,'West Brigitteshire','Germany','2020-08-02 21:55:25'),(63,'f','1984-12-27',100,'New Albinside','Russian Federation','2020-08-02 21:55:25'),(64,'f','1979-09-01',40,'Lake Leanne','Belarus','2020-08-02 21:55:25'),(65,'f','2015-03-27',1,'West Willowview','Germany','2020-08-02 21:55:25'),(66,'f','2006-11-11',86,'Lurlineshire','Russian Federation','2020-08-02 21:55:25'),(67,'m','2004-08-05',26,'East Ardith','Belarus','2020-08-02 21:55:25'),(68,'f','1972-02-02',70,'South Clydeshire','Belarus','2020-08-02 21:55:25'),(69,'m','1986-02-25',73,'Lake Dustyville','Belarus','2020-08-02 21:55:25'),(70,'m','1983-08-09',53,'Waylonview','Germany','2020-08-02 21:55:25'),(71,'m','1983-11-05',46,'Gunnarland','Belarus','2020-08-02 21:55:25'),(72,'m','1999-05-05',72,'Lake Cristian','Russian Federation','2020-08-02 21:55:25'),(73,'m','1991-08-16',19,'East Karson','Russian Federation','2020-08-02 21:55:25'),(74,'f','2016-06-27',79,'Orlobury','Germany','2020-08-02 21:55:25'),(75,'f','1974-08-17',38,'Marksland','Germany','2020-08-02 21:55:25'),(76,'f','1979-12-05',54,'Port Mayeland','Germany','2020-08-02 21:55:25'),(77,'f','2007-09-19',53,'Julianamouth','Germany','2020-08-02 21:55:25'),(78,'f','1972-09-06',2,'Lake Friedastad','Russian Federation','2020-08-02 21:55:25'),(79,'f','1979-02-03',52,'West Bentonstad','Belarus','2020-08-02 21:55:25'),(80,'m','1976-11-22',54,'Schuppeside','Belarus','2020-08-02 21:55:25'),(81,'f','2018-10-13',15,'New Princessfurt','Russian Federation','2020-08-02 21:55:25'),(82,'m','2009-01-21',11,'Jaskolskiport','Germany','2020-08-02 21:55:25'),(83,'f','1995-08-19',7,'Bretshire','Russian Federation','2020-08-02 21:55:25'),(84,'f','1982-12-23',5,'North Natbury','Belarus','2020-08-02 21:55:25'),(85,'m','1996-11-08',2,'Abelville','Germany','2020-08-02 21:55:25'),(86,'f','1972-04-20',95,'Lake Bennyburgh','Belarus','2020-08-02 21:55:25'),(87,'f','2000-04-03',68,'Pricefort','Belarus','2020-08-02 21:55:25'),(88,'m','2015-12-05',55,'Jadonhaven','Germany','2020-08-02 21:55:25'),(89,'m','1974-02-06',69,'New Avachester','Russian Federation','2020-08-02 21:55:25'),(90,'f','2006-12-28',80,'Kingshire','Russian Federation','2020-08-02 21:55:25'),(91,'m','2012-09-27',91,'Batzville','Belarus','2020-08-02 21:55:25'),(92,'m','1974-02-21',16,'Stammborough','Belarus','2020-08-02 21:55:25'),(93,'m','2018-01-01',4,'East Tressietown','Germany','2020-08-02 21:55:25'),(94,'m','1987-07-27',75,'O\'Reillyborough','Germany','2020-08-02 21:55:25'),(95,'m','2008-03-07',59,'Port Dovieberg','Russian Federation','2020-08-02 21:55:25'),(96,'m','1971-08-01',71,'South Brettside','Germany','2020-08-02 21:55:25'),(97,'f','2010-07-08',80,'North Tianastad','Russian Federation','2020-08-02 21:55:25'),(98,'m','1981-05-01',83,'West Albertohaven','Russian Federation','2020-08-02 21:55:25'),(99,'m','2001-09-06',75,'West Austynberg','Germany','2020-08-02 21:55:25'),(100,'m','1990-08-14',26,'Lake Mina','Belarus','2020-08-02 21:55:25'),(101,'m','1981-11-22',6,'East Dalton','Belarus','2020-08-02 21:55:25'),(102,'m','1981-02-26',53,'Port Jamarbury','Russian Federation','2020-08-02 21:55:25'),(103,'f','2007-08-28',43,'Babytown','Russian Federation','2020-08-02 21:55:25'),(104,'m','1975-09-30',57,'Torpbury','Germany','2020-08-02 21:55:25'),(105,'m','1982-02-26',53,'Auermouth','Germany','2020-08-02 21:55:25'),(106,'m','1994-09-21',96,'New Arnoldoville','Germany','2020-08-02 21:55:25'),(107,'f','2005-08-12',21,'Lake Florine','Germany','2020-08-02 21:55:25'),(108,'f','1979-12-04',14,'Port Neomaside','Germany','2020-08-02 21:55:25'),(109,'f','1991-06-05',8,'East Letitia','Russian Federation','2020-08-02 21:55:25'),(110,'f','2017-02-05',97,'North Cordellshire','Russian Federation','2020-08-02 21:55:25');
/*!40000 ALTER TABLE `profiles` ENABLE KEYS */;
UNLOCK TABLES;

--
-- Table structure for table `users`
--

DROP TABLE IF EXISTS `users`;
/*!40101 SET @saved_cs_client     = @@character_set_client */;
/*!50503 SET character_set_client = utf8mb4 */;
CREATE TABLE `users` (
  `id` int unsigned NOT NULL AUTO_INCREMENT COMMENT 'Идентификатор строки',
  `first_name` varchar(100) CHARACTER SET utf8 COLLATE utf8_unicode_ci NOT NULL COMMENT 'Имя пользователя',
  `last_name` varchar(100) CHARACTER SET utf8 COLLATE utf8_unicode_ci NOT NULL COMMENT 'Фамилия пользователя',
  `email` varchar(100) CHARACTER SET utf8 COLLATE utf8_unicode_ci NOT NULL COMMENT 'Почта',
  `phone` varchar(100) CHARACTER SET utf8 COLLATE utf8_unicode_ci NOT NULL COMMENT 'Телефон',
  `created_at` datetime DEFAULT CURRENT_TIMESTAMP COMMENT 'Время создания строки',
  `updated_at` datetime DEFAULT CURRENT_TIMESTAMP ON UPDATE CURRENT_TIMESTAMP COMMENT 'Время обновления строки',
  PRIMARY KEY (`id`),
  UNIQUE KEY `email` (`email`),
  UNIQUE KEY `phone` (`phone`)
) ENGINE=InnoDB AUTO_INCREMENT=111 DEFAULT CHARSET=utf8 COLLATE=utf8_unicode_ci COMMENT='Пользователи';
/*!40101 SET character_set_client = @saved_cs_client */;

--
-- Dumping data for table `users`
--

LOCK TABLES `users` WRITE;
/*!40000 ALTER TABLE `users` DISABLE KEYS */;
INSERT INTO `users` VALUES (1,'Celestine','Stark','ybahringer@example.org','390-138-5184x736','1977-05-31 07:46:28','1984-05-07 21:46:18'),(2,'Clovis','Crist','xebert@example.net','02716225136','1994-01-30 09:30:35','2009-03-23 07:37:08'),(3,'Brandy','Bayer','bechtelar.garry@example.com','+78(4)0401792032','2014-02-04 03:50:49','2020-08-02 21:54:47'),(4,'Kurt','Renner','lorena05@example.net','(017)037-8874x3093','1990-10-14 16:15:17','2018-02-02 18:09:34'),(5,'Lawson','Gorczany','jazmyn86@example.org','(819)168-2925','2006-08-14 05:04:24','2013-07-24 00:44:24'),(6,'Leda','Wisozk','geoffrey34@example.net','739-217-1636','2013-07-15 03:58:40','2020-08-02 21:54:47'),(7,'Lewis','Sipes','kraig.o\'conner@example.org','(919)481-5760x41716','2013-11-18 16:09:58','2020-08-02 21:54:47'),(8,'Allene','Schmitt','oyost@example.org','1-799-599-0735','1983-12-25 07:44:34','2008-12-01 18:22:44'),(9,'Carlee','Anderson','shemar.herzog@example.com','518-804-1846x489','1970-05-12 02:45:47','2007-09-17 04:21:39'),(10,'Neal','Hegmann','jwolf@example.org','(732)524-6387x86584','1994-09-05 15:04:13','2020-08-02 21:54:47'),(11,'Lue','Gleichner','padberg.yazmin@example.com','895.400.2459','2019-09-13 01:31:13','2020-08-02 21:54:47'),(12,'Grace','Oberbrunner','rice.mya@example.net','(926)965-4361x19932','2007-04-21 10:44:46','2020-08-02 21:54:47'),(13,'Kaitlyn','Hilpert','mariane.goldner@example.com','1-678-145-4567x910','1995-01-11 22:16:59','2020-08-02 21:54:47'),(14,'Yvette','Kris','isabel84@example.com','854.277.1317x49769','1991-01-06 09:13:24','2020-08-02 21:54:47'),(15,'Bobby','Reynolds','stamm.lysanne@example.net','+95(3)6821667075','1981-09-09 11:54:24','1981-10-20 06:43:03'),(16,'Connor','Welch','muller.elwin@example.net','258.733.6564','2003-02-09 18:54:06','2012-09-10 00:47:40'),(17,'Nikko','Weimann','aiden23@example.net','(401)059-0658x7438','1996-11-17 02:06:29','1997-07-29 20:20:55'),(18,'Maurine','Gerhold','elaina03@example.net','(690)982-7862','1971-03-25 18:45:52','1998-02-26 00:40:40'),(19,'Tobin','Sauer','jackeline.terry@example.org','(545)286-4554','2007-10-21 10:19:03','2017-10-02 00:46:14'),(20,'Caitlyn','Spencer','rashad63@example.com','902-674-8108x1482','2001-12-30 13:46:13','2020-08-02 21:54:47'),(21,'Janae','Erdman','destini17@example.org','(036)898-6871','2014-06-14 18:10:41','2020-08-02 21:54:47'),(22,'Kristina','Gulgowski','vreichert@example.com','(512)739-8702x123','2011-04-24 11:36:31','2016-02-11 12:36:19'),(23,'Casey','Feeney','kuhn.jake@example.org','1-697-016-8255','2002-10-06 22:52:45','2020-08-02 21:54:47'),(24,'Sydni','Howell','louisa.blanda@example.org','07175746059','1999-08-14 09:48:01','2001-07-22 02:02:08'),(25,'Joan','Rutherford','loraine.rutherford@example.net','1-839-602-0598x42415','2006-10-19 09:59:29','2020-08-02 21:54:47'),(26,'Arnoldo','Daniel','dtrantow@example.org','(546)771-2272','2013-06-17 03:25:16','2020-08-02 21:54:47'),(27,'Flavio','Cremin','fahey.alvis@example.com','430.433.5653','2014-12-23 23:06:25','2020-08-02 21:54:47'),(28,'Jacynthe','Kling','kerluke.ernest@example.com','(017)408-1994','1983-11-09 18:30:43','1993-11-09 01:28:56'),(29,'Jazmyn','Cronin','kozey.christa@example.net','1-301-579-7440x5187','1979-07-16 09:51:59','2002-08-30 07:28:15'),(30,'Eddie','Bins','pacocha.felipa@example.net','091.381.6849','1993-07-09 08:36:29','1998-12-06 14:03:25'),(31,'Loyce','Hermann','javon.anderson@example.com','(676)874-6755','2020-05-22 00:07:40','2020-08-02 21:54:47'),(32,'Jalon','Beahan','xyost@example.org','642-579-8798','1983-08-20 10:22:35','2020-08-02 21:54:47'),(33,'Bettye','Pollich','zackary05@example.net','027.429.7140x1070','1990-05-08 21:45:39','1992-09-21 03:04:21'),(34,'Bethany','Rutherford','funk.ansley@example.com','1-645-860-5663x5072','2004-12-03 12:09:17','2020-08-02 21:54:47'),(35,'Miguel','Wiegand','paige.medhurst@example.com','1-823-830-5699','2016-03-31 22:46:55','2020-08-02 21:54:47'),(36,'Wayne','Denesik','fernser@example.net','1-920-659-5209x827','1973-09-23 06:28:32','2012-12-02 17:36:26'),(37,'Randall','Hartmann','kohler.angelina@example.com','+64(9)0576221352','1991-08-09 23:31:10','1995-08-15 22:46:02'),(38,'Elsie','Mohr','kihn.cary@example.com','(093)213-5379','1975-12-05 20:22:29','2016-12-23 07:34:08'),(39,'Shania','Green','fhuel@example.com','1-291-204-3049x2714','1972-07-24 19:24:03','1977-08-01 11:58:38'),(40,'Elise','Carter','dare.earnestine@example.org','(581)559-9954x15245','1970-11-05 22:35:06','2008-02-04 17:49:32'),(41,'Kaitlin','Koepp','swift.betty@example.com','1-635-818-6588','2011-09-19 09:39:04','2020-08-02 21:54:47'),(42,'Nakia','Monahan','torrance43@example.net','923-153-9306','1993-10-20 17:01:05','2020-08-02 21:54:47'),(43,'Leopold','Johnson','derrick28@example.net','(970)550-3315x3939','2013-07-02 12:26:10','2020-08-02 21:54:47'),(44,'Judson','Gorczany','ashley.rosenbaum@example.net','724-258-8724x4266','1988-07-19 20:39:40','2020-08-02 21:54:47'),(45,'Alyson','Schuppe','sylvan.stokes@example.org','1-728-235-5210x335','1985-07-17 22:28:04','2020-08-02 21:54:47'),(46,'General','Mueller','sdeckow@example.com','(960)613-2432x822','1995-01-01 08:45:26','2020-08-02 21:54:47'),(47,'Cecilia','Wuckert','mann.creola@example.com','(827)193-0694','1981-05-15 08:17:31','1984-02-20 07:38:09'),(48,'Caesar','Hintz','laney10@example.net','869-277-1224','1996-10-22 11:32:54','2020-08-02 21:54:47'),(49,'Matt','Keebler','orval63@example.com','666-153-5342x5514','1994-08-10 00:40:31','2020-08-02 21:54:47'),(50,'Horace','Roob','naomi62@example.com','(281)457-0454','1978-09-04 09:49:47','2000-11-29 21:32:20'),(51,'Camilla','Schoen','autumn.hintz@example.org','845.503.4163x6068','2007-12-20 11:52:00','2020-08-02 21:54:47'),(52,'Candace','Kuhic','xullrich@example.com','1-127-071-3596','2014-11-11 22:06:28','2020-08-02 21:54:47'),(53,'Jerod','Smitham','elda.dickinson@example.net','1-583-175-2352x910','2019-03-19 04:38:08','2020-08-02 21:54:47'),(54,'Elody','Harvey','schaefer.tanya@example.org','551.635.8441x26618','2017-02-07 21:55:53','2020-08-02 21:54:47'),(55,'Janet','Shields','dturner@example.org','(969)979-8703x54255','1989-10-31 12:48:50','2017-02-06 13:18:54'),(56,'Adolf','Stroman','jaden.kohler@example.net','973.736.0419x736','1976-09-28 03:32:58','2020-08-02 21:54:47'),(57,'Aniya','Boehm','cartwright.emmanuelle@example.net','1-741-435-8643x5302','2013-10-02 19:53:17','2020-08-02 21:54:47'),(58,'Nellie','Rowe','gisselle31@example.org','03381829523','1991-05-17 23:18:35','1992-06-22 11:16:35'),(59,'Deonte','Corwin','asha10@example.com','(681)640-3403','1973-06-26 23:08:46','1996-04-17 01:32:44'),(60,'Cristobal','Kihn','morar.derek@example.org','1-740-184-2948','2018-06-20 12:02:16','2020-08-02 21:54:47'),(61,'Caleigh','Lehner','sbayer@example.org','763.670.0529x4337','1974-11-04 08:07:48','1988-10-12 10:54:23'),(62,'Samanta','White','schaden.lura@example.org','+43(4)3666529924','1991-10-16 08:38:50','2020-08-02 21:54:47'),(63,'Jefferey','Kilback','dmertz@example.org','02169133020','1978-11-05 13:42:31','2000-08-20 05:07:39'),(64,'Kay','Lang','rowe.brigitte@example.org','1-775-612-8744x3702','1977-08-02 20:15:12','2002-05-30 12:29:48'),(65,'Marilou','Bartoletti','sydni72@example.org','852.251.9595x0096','2016-12-16 11:19:38','2020-08-02 21:54:47'),(66,'Kamille','Heaney','adan.grant@example.net','(311)634-0768','2009-12-22 23:58:28','2020-08-02 21:54:47'),(67,'Maxwell','Swift','ikemmer@example.com','1-378-379-1018','1983-04-03 12:24:12','1986-09-18 01:12:20'),(68,'Destinee','Wiza','courtney.fay@example.org','319.424.8901','1991-02-26 05:56:36','2020-08-02 21:54:47'),(69,'Sharon','Kautzer','golda.gaylord@example.net','672.895.7807x154','1974-01-25 12:13:57','1975-07-14 10:58:23'),(70,'Maybelle','Gibson','presley92@example.net','658.068.4648x1479','1992-05-04 01:10:42','2020-08-02 21:54:47'),(71,'Hector','Konopelski','aiden.cummings@example.net','06175768663','1993-09-15 10:21:18','2006-11-20 19:38:53'),(72,'Milo','Brakus','alexane64@example.com','525.997.1651x6184','2015-02-04 03:34:55','2015-11-27 01:07:44'),(73,'Mona','Lind','satterfield.hilda@example.com','181-335-6434x448','2001-03-05 05:07:56','2020-08-02 21:54:47'),(74,'Katheryn','Roob','weimann.sharon@example.org','308-555-1162x5184','1993-10-27 23:58:03','1995-07-23 18:29:59'),(75,'Percival','Harris','stark.keshaun@example.com','242.435.6352x20177','1975-12-16 02:17:11','2016-03-26 23:40:28'),(76,'Mylene','Oberbrunner','berniece.huels@example.org','(520)761-4436x71712','1994-10-09 20:58:18','2020-08-02 21:54:47'),(77,'Lacy','Hettinger','balistreri.treva@example.org','992.018.4439','2001-04-01 11:07:44','2020-08-02 21:54:47'),(78,'Judd','Funk','hammes.malika@example.com','1-253-769-3128x698','2007-08-11 13:43:12','2020-08-02 21:54:47'),(79,'Meredith','Lockman','vfeest@example.org','1-856-631-4132','2017-08-12 10:55:19','2020-08-02 21:54:47'),(80,'Halie','Nolan','fdoyle@example.org','(823)644-5746x0655','1999-11-23 22:45:54','2008-12-20 09:22:11'),(81,'Joshuah','Altenwerth','keith89@example.net','071-959-0821x79879','1999-04-05 05:17:21','2020-08-02 21:54:47'),(82,'Katherine','Gutkowski','qwolff@example.net','692.297.6568x033','1976-08-04 02:44:42','2020-08-02 21:54:47'),(83,'Ara','Hagenes','beer.itzel@example.org','371-920-7232x88023','1986-04-15 09:48:12','2020-08-02 21:54:47'),(84,'Mercedes','Watsica','cstreich@example.net','652.136.4291','1972-06-05 06:02:22','2005-01-16 00:13:06'),(85,'Ricardo','Gleichner','agreen@example.com','+23(6)9053568180','1985-08-02 22:31:37','2020-08-02 21:54:47'),(86,'Moises','Nader','hyatt.jeffry@example.com','1-972-218-9965','2014-04-08 18:55:48','2020-08-02 21:54:47'),(87,'Nicklaus','Herzog','xfeest@example.net','(697)199-6730x12963','1975-07-15 08:59:03','2015-07-02 06:30:20'),(88,'Deshaun','Nicolas','shields.anabelle@example.net','1-986-687-6631x042','1991-07-18 23:15:03','2017-01-27 13:09:34'),(89,'Annetta','Marvin','joseph60@example.com','(788)709-3397x9112','1974-05-29 09:38:40','2011-11-16 07:05:38'),(90,'Taya','Gerhold','jmaggio@example.com','06042875049','1971-05-19 21:48:10','2020-08-02 21:54:47'),(91,'Lavinia','Hintz','aracely71@example.net','1-625-742-7196x0836','1974-07-07 05:13:20','1991-03-31 23:15:38'),(92,'Bobbie','Funk','allan.mcglynn@example.org','(303)454-9944','1982-10-03 23:57:36','1995-04-26 22:29:30'),(93,'Alf','Wilkinson','ukuphal@example.com','(182)733-5584x410','2004-03-06 05:33:39','2020-08-02 21:54:47'),(94,'Vida','Hansen','ldoyle@example.com','806-980-6942','2003-01-13 23:14:11','2020-08-02 21:54:47'),(95,'Carroll','Schuppe','mikayla.vonrueden@example.org','05627581696','1977-03-01 21:30:17','2004-09-04 16:59:44'),(96,'Eric','Will','eva.leffler@example.net','1-596-465-8965','2017-11-12 20:21:41','2020-08-02 21:54:47'),(97,'Vincenzo','Russel','frederic15@example.com','(545)034-4485','2015-08-04 05:42:09','2020-08-02 21:54:47'),(98,'Forest','Lockman','barrows.pascale@example.net','(740)624-9479x81971','1992-07-04 02:12:51','2020-08-02 21:54:47'),(99,'Garnet','Douglas','ernest89@example.com','388-790-5556x11192','1972-01-09 19:16:29','1990-09-09 21:35:37'),(100,'Juwan','Larson','schinner.weldon@example.com','1-079-471-0642x135','1984-03-23 21:34:23','2018-10-28 23:51:23'),(101,'Chelsey','Koch','sonia.wilderman@example.net','1-247-878-5655','2006-02-16 06:31:06','2020-08-02 21:54:47'),(102,'Moshe','Stanton','isipes@example.com','1-099-876-1950','1999-11-24 21:20:07','2020-08-02 21:54:47'),(103,'Kelsie','Mertz','darryl56@example.org','07936651560','2012-10-10 20:16:17','2020-08-02 21:54:47'),(104,'Kathryne','Fisher','stokes.coy@example.net','1-792-108-9585','2012-10-22 07:27:21','2020-08-02 21:54:47'),(105,'Anya','Tillman','leanne68@example.com','1-857-031-0380x057','1971-09-06 04:08:55','2012-10-29 07:53:23'),(106,'Madilyn','Rice','hyatt.vickie@example.net','1-294-581-7272x1556','1983-10-30 06:46:56','1998-07-05 10:26:19'),(107,'Jettie','Runte','bwyman@example.com','380.893.1547x068','1993-11-03 09:55:23','2013-04-16 13:10:00'),(108,'Bobby','Wilderman','della.rath@example.org','1-658-350-1700x49318','2004-11-12 17:50:31','2020-08-02 21:54:47'),(109,'Brionna','Boehm','myrtice.mohr@example.com','519-544-8051','2013-04-05 07:34:36','2020-08-02 21:54:47'),(110,'Garnet','Streich','johnston.sydnee@example.net','850-461-0391x51620','1980-08-07 19:10:57','1992-04-16 03:00:19');
/*!40000 ALTER TABLE `users` ENABLE KEYS */;
UNLOCK TABLES;
/*!40103 SET TIME_ZONE=@OLD_TIME_ZONE */;

/*!40101 SET SQL_MODE=@OLD_SQL_MODE */;
/*!40014 SET FOREIGN_KEY_CHECKS=@OLD_FOREIGN_KEY_CHECKS */;
/*!40014 SET UNIQUE_CHECKS=@OLD_UNIQUE_CHECKS */;
/*!40101 SET CHARACTER_SET_CLIENT=@OLD_CHARACTER_SET_CLIENT */;
/*!40101 SET CHARACTER_SET_RESULTS=@OLD_CHARACTER_SET_RESULTS */;
/*!40101 SET COLLATION_CONNECTION=@OLD_COLLATION_CONNECTION */;
/*!40111 SET SQL_NOTES=@OLD_SQL_NOTES */;

-- Dump completed on 2020-08-02 22:15:22
