-- MySQL dump 10.13  Distrib 8.0.21, for Linux (x86_64)
--
-- Host: localhost    Database: vk_fk
-- ------------------------------------------------------
-- Server version	8.0.21-0ubuntu0.20.04.3

/*!40101 SET @OLD_CHARACTER_SET_CLIENT=@@CHARACTER_SET_CLIENT */;
/*!40101 SET @OLD_CHARACTER_SET_RESULTS=@@CHARACTER_SET_RESULTS */;
/*!40101 SET @OLD_COLLATION_CONNECTION=@@COLLATION_CONNECTION */;
/*!50503 SET NAMES utf8mb4 */;
/*!40103 SET @OLD_TIME_ZONE=@@TIME_ZONE */;
/*!40103 SET TIME_ZONE='+00:00' */;
/*!40014 SET @OLD_UNIQUE_CHECKS=@@UNIQUE_CHECKS, UNIQUE_CHECKS=0 */;
/*!40014 SET @OLD_FOREIGN_KEY_CHECKS=@@FOREIGN_KEY_CHECKS, FOREIGN_KEY_CHECKS=0 */;
/*!40101 SET @OLD_SQL_MODE=@@SQL_MODE, SQL_MODE='NO_AUTO_VALUE_ON_ZERO' */;
/*!40111 SET @OLD_SQL_NOTES=@@SQL_NOTES, SQL_NOTES=0 */;

--
-- Table structure for table `communities`
--

DROP TABLE IF EXISTS `communities`;
/*!40101 SET @saved_cs_client     = @@character_set_client */;
/*!50503 SET character_set_client = utf8mb4 */;
CREATE TABLE `communities` (
  `id` int unsigned NOT NULL AUTO_INCREMENT COMMENT 'Идентификатор сроки',
  `name` varchar(150) CHARACTER SET utf8 COLLATE utf8_unicode_ci NOT NULL COMMENT 'Название группы',
  `created_at` datetime DEFAULT CURRENT_TIMESTAMP COMMENT 'Время создания строки',
  `updated_at` datetime DEFAULT CURRENT_TIMESTAMP ON UPDATE CURRENT_TIMESTAMP COMMENT 'Время обновления строки',
  PRIMARY KEY (`id`),
  UNIQUE KEY `name` (`name`)
) ENGINE=InnoDB AUTO_INCREMENT=111 DEFAULT CHARSET=utf8 COLLATE=utf8_unicode_ci COMMENT='Группы';
/*!40101 SET character_set_client = @saved_cs_client */;

--
-- Dumping data for table `communities`
--

LOCK TABLES `communities` WRITE;
/*!40000 ALTER TABLE `communities` DISABLE KEYS */;
INSERT INTO `communities` VALUES (1,'officia','2008-07-23 07:10:48','1992-11-09 01:20:07'),(2,'quidem','2016-08-29 16:06:21','1999-05-06 20:54:56'),(3,'vel','2018-06-12 16:25:17','1987-10-06 14:44:30'),(4,'deserunt','2018-06-22 11:33:04','1978-12-14 01:02:00'),(5,'molestias','2006-07-16 18:38:17','2001-05-08 17:58:13'),(6,'non','1986-12-08 15:18:53','1977-01-19 06:57:31'),(7,'est','1986-01-26 11:35:24','2007-10-26 16:21:10'),(8,'sit','2014-01-25 20:04:47','1985-12-07 01:16:32'),(9,'quae','1991-12-11 22:03:45','2003-11-20 09:17:23'),(10,'qui','2004-12-05 16:08:20','1985-02-27 10:38:21'),(11,'veniam','2016-03-04 17:43:11','1983-02-04 05:02:21'),(12,'ex','2017-03-11 08:39:29','1973-06-17 01:12:29'),(13,'quasi','1974-01-14 13:03:19','2018-07-15 01:04:27'),(14,'ducimus','1989-05-16 22:04:02','1981-11-15 19:01:52'),(15,'aut','1971-04-03 17:00:37','2010-10-17 23:29:15'),(16,'nesciunt','1998-05-09 23:49:03','1980-06-27 21:18:32'),(17,'at','1974-02-10 14:25:04','2012-09-15 18:16:13'),(18,'amet','1992-05-01 13:23:47','2018-03-12 10:27:19'),(19,'ipsum','2015-03-19 20:37:51','2004-01-21 06:33:49'),(20,'nihil','2019-11-17 16:03:58','1975-02-05 00:34:47'),(21,'modi','2015-04-05 04:14:54','1994-01-21 23:02:43'),(22,'quibusdam','1994-07-17 21:39:06','2014-10-16 15:33:12'),(23,'praesentium','1988-01-27 08:24:26','2006-12-04 21:57:44'),(24,'molestiae','1994-02-28 04:50:26','2018-06-04 05:10:40'),(25,'ad','1989-02-01 09:02:18','1974-05-15 15:34:59'),(26,'quia','2008-06-20 19:09:05','1975-09-13 06:40:16'),(27,'laudantium','2000-05-04 12:12:04','1975-08-01 05:34:37'),(28,'possimus','1990-05-31 15:00:12','2006-01-08 02:34:58'),(29,'blanditiis','1986-04-04 03:18:07','2008-07-22 13:58:49'),(30,'dolorem','2005-08-31 13:52:50','1986-03-16 20:52:52'),(31,'iusto','1974-03-26 20:48:42','2009-11-13 01:50:28'),(32,'unde','1981-01-29 00:08:21','1991-12-30 17:52:26'),(33,'dolore','1986-10-19 00:52:14','2011-07-02 08:58:58'),(34,'consequuntur','1982-06-06 11:53:35','2000-02-23 23:57:12'),(35,'et','1973-05-10 08:13:15','1992-06-29 16:00:12'),(36,'reiciendis','1988-03-13 14:35:25','2004-03-26 11:38:15'),(37,'ut','2006-07-19 00:10:06','2012-01-30 09:01:11'),(38,'illo','1973-05-03 02:59:08','2000-09-11 06:36:27'),(39,'totam','2001-10-30 08:17:55','2007-12-26 20:58:31'),(40,'beatae','1989-06-03 21:56:36','2000-12-21 13:21:59'),(41,'minus','1977-12-17 21:29:32','2006-09-29 04:13:54'),(42,'eos','2010-08-10 21:36:51','2016-10-31 01:35:32'),(43,'repudiandae','2014-08-11 01:01:07','2017-01-08 18:11:05'),(44,'odio','1997-02-10 14:49:34','1996-06-26 22:58:59'),(45,'eum','1983-03-17 14:59:12','2002-04-09 21:33:47'),(46,'ea','2005-02-24 08:37:51','1984-03-23 01:49:36'),(47,'delectus','2016-07-31 00:57:15','2009-04-21 19:12:16'),(48,'omnis','1998-12-08 01:51:47','1989-08-17 23:59:51'),(49,'doloribus','2012-10-06 13:17:49','1988-01-04 16:51:56'),(50,'consequatur','2018-10-21 06:49:05','1975-12-02 22:51:06'),(51,'iure','1997-01-21 21:56:13','1985-10-06 04:33:40'),(52,'tenetur','1981-02-02 15:44:34','1979-08-21 00:29:26'),(53,'hic','1973-09-04 01:51:20','2005-09-01 00:06:39'),(54,'occaecati','2001-07-26 11:35:42','2016-07-26 05:30:28'),(55,'sed','1988-12-18 01:30:06','1979-01-01 17:00:49'),(56,'quis','1984-07-13 03:28:23','1988-03-16 13:55:00'),(57,'repellendus','1978-08-14 06:47:02','2013-08-13 12:27:55'),(58,'voluptatibus','1982-01-09 11:28:38','2010-12-26 13:20:54'),(59,'vero','2016-05-29 14:01:49','2008-10-10 15:10:12'),(60,'voluptatem','1988-06-30 04:17:43','1982-02-20 03:51:55'),(61,'deleniti','1973-02-27 20:20:51','2002-07-07 21:08:33'),(62,'ullam','2014-05-08 15:47:16','2018-07-17 12:47:26'),(63,'quas','2015-10-16 02:23:40','1994-12-04 19:35:52'),(64,'placeat','2013-01-28 09:01:06','1999-01-05 02:00:37'),(65,'optio','2002-06-15 00:40:02','1970-09-03 04:33:26'),(66,'rem','2013-09-08 03:35:15','2005-09-05 19:36:24'),(67,'nam','2002-11-17 05:58:29','2013-04-30 21:17:10'),(68,'sint','2011-01-29 08:34:48','1991-12-23 04:02:28'),(69,'numquam','1999-10-20 13:53:58','2011-01-10 19:31:58'),(70,'dicta','1986-08-02 19:09:08','2007-06-05 18:05:22'),(71,'eaque','2013-12-22 00:25:20','1986-01-02 13:53:28'),(72,'corporis','2010-07-20 22:35:19','1972-04-14 00:51:33'),(73,'assumenda','1983-05-20 12:22:07','1994-08-16 22:13:33'),(74,'natus','1988-10-24 22:42:53','1981-08-02 04:45:30'),(75,'iste','2019-10-22 04:49:29','1977-04-03 00:49:44'),(76,'veritatis','2018-04-09 07:10:59','1987-04-24 21:55:51'),(77,'id','2008-09-04 10:56:37','1993-04-12 02:26:09'),(78,'maiores','1970-08-22 01:28:20','2007-05-27 21:40:16'),(79,'asperiores','2000-11-28 19:31:41','1991-03-25 17:06:11'),(80,'error','1987-12-14 13:50:17','2016-11-20 17:41:37'),(81,'rerum','2014-04-18 09:19:20','1972-08-20 10:02:40'),(82,'porro','1978-11-04 12:07:56','2019-05-01 12:20:25'),(83,'eveniet','1994-07-15 19:21:49','2008-04-18 09:20:02'),(84,'provident','2014-01-18 14:25:13','2019-05-27 19:54:41'),(85,'sunt','2006-07-27 05:37:56','1980-10-06 07:07:22'),(86,'aperiam','2003-10-03 03:41:58','2015-11-14 16:01:04'),(87,'soluta','1970-06-08 06:48:41','1990-03-11 18:56:48'),(88,'laborum','1978-02-21 18:36:34','1971-03-24 19:04:32'),(89,'accusamus','1995-06-07 07:51:06','1975-09-23 22:25:20'),(90,'expedita','1975-03-09 06:17:03','1990-11-10 19:08:29'),(91,'in','1973-06-13 20:33:39','2009-08-18 02:17:21'),(92,'dolor','1982-07-30 08:56:57','2009-03-06 18:31:08'),(93,'magni','1995-02-24 05:15:00','2002-08-02 01:46:51'),(94,'recusandae','2013-09-23 04:27:29','2001-05-04 21:36:18'),(95,'odit','1980-11-06 20:01:31','1979-06-24 08:07:55'),(96,'incidunt','1978-06-21 07:26:48','2006-01-26 01:51:59'),(97,'dolores','2013-02-27 18:35:19','2012-05-01 23:44:16'),(98,'cum','1973-10-01 13:32:03','2019-06-04 20:01:04'),(99,'voluptas','2016-07-13 13:03:57','1985-03-04 16:07:19'),(100,'magnam','1985-04-13 22:16:37','2016-10-15 23:34:20'),(101,'accusantium','2004-04-01 15:23:48','1993-01-27 22:05:41'),(102,'commodi','1998-05-26 05:22:01','2003-10-17 00:19:21'),(103,'suscipit','1980-10-24 06:45:33','2014-07-06 00:36:09'),(104,'a','1998-02-03 15:05:06','2014-01-29 22:59:22'),(105,'quod','2016-03-01 22:59:54','1999-04-28 21:16:10'),(106,'repellat','2003-12-17 13:56:17','2015-04-12 11:06:47'),(107,'enim','2012-05-01 17:48:58','1986-01-10 17:02:54'),(108,'consectetur','1974-06-01 05:37:39','1989-03-20 02:29:35'),(109,'aliquam','1973-02-28 07:00:45','1998-11-22 18:49:34'),(110,'harum','1987-02-12 06:51:54','2002-08-17 00:21:32');
/*!40000 ALTER TABLE `communities` ENABLE KEYS */;
UNLOCK TABLES;

--
-- Table structure for table `communities_users`
--

DROP TABLE IF EXISTS `communities_users`;
/*!40101 SET @saved_cs_client     = @@character_set_client */;
/*!50503 SET character_set_client = utf8mb4 */;
CREATE TABLE `communities_users` (
  `community_id` int unsigned NOT NULL COMMENT 'Ссылка на группу',
  `user_id` int unsigned NOT NULL COMMENT 'Ссылка на пользователя',
  `created_at` datetime DEFAULT CURRENT_TIMESTAMP COMMENT 'Время создания строки',
  `updated_at` datetime DEFAULT NULL,
  PRIMARY KEY (`community_id`,`user_id`) COMMENT '''Составной первичный ключ''',
  KEY `communities_users_user_fk` (`user_id`),
  CONSTRAINT `communities_users_user_fk` FOREIGN KEY (`user_id`) REFERENCES `users` (`id`),
  CONSTRAINT `community_fk` FOREIGN KEY (`community_id`) REFERENCES `communities` (`id`)
) ENGINE=InnoDB DEFAULT CHARSET=utf8 COLLATE=utf8_unicode_ci COMMENT='Участники групп, связь между пользователями и группами';
/*!40101 SET character_set_client = @saved_cs_client */;

--
-- Dumping data for table `communities_users`
--

LOCK TABLES `communities_users` WRITE;
/*!40000 ALTER TABLE `communities_users` DISABLE KEYS */;
INSERT INTO `communities_users` VALUES (1,16,'2000-12-02 03:22:54',NULL),(2,9,'2010-09-30 09:10:00',NULL),(2,25,'1986-07-20 23:39:49',NULL),(2,27,'1975-07-03 09:57:24',NULL),(3,56,'2003-01-28 15:36:38',NULL),(3,89,'1997-06-10 22:35:11',NULL),(4,2,'1978-10-06 10:56:31',NULL),(4,7,'1985-01-19 10:17:57',NULL),(4,12,'1986-08-29 07:32:46',NULL),(4,41,'2018-11-28 21:16:32',NULL),(4,44,'2002-12-18 18:55:21',NULL),(4,51,'2013-03-21 08:51:49',NULL),(4,72,'1993-10-27 02:55:09',NULL),(5,3,'2016-08-12 05:39:09',NULL),(5,21,'1974-02-19 19:07:19',NULL),(5,48,'1973-12-27 15:34:51',NULL),(5,65,'1999-05-21 18:19:08',NULL),(5,69,'2009-05-04 02:16:09',NULL),(5,78,'1983-06-24 19:55:28',NULL),(5,83,'1989-05-12 14:43:15',NULL),(5,84,'2018-09-24 03:45:55',NULL),(5,90,'2009-12-30 23:25:22',NULL),(5,100,'1975-01-22 20:13:44',NULL),(6,14,'2007-09-20 14:53:09',NULL),(6,17,'1994-03-19 11:53:46',NULL),(6,18,'2020-07-20 08:30:27',NULL),(6,30,'1997-02-07 16:28:55',NULL),(6,35,'1990-10-06 20:36:40',NULL),(6,50,'1998-08-28 23:33:35',NULL),(6,60,'2003-06-08 01:54:23',NULL),(6,64,'1992-11-05 18:05:08',NULL),(7,34,'2017-03-01 18:46:00',NULL),(7,36,'2010-04-04 16:03:58',NULL),(7,39,'2017-06-01 07:26:09',NULL),(7,61,'2012-08-05 20:12:45',NULL),(7,81,'2004-01-22 06:38:11',NULL),(8,38,'1994-09-28 22:37:18',NULL),(8,43,'1971-10-09 10:31:11',NULL),(8,49,'2020-07-21 11:17:00',NULL),(8,68,'1987-07-22 03:25:19',NULL),(9,11,'1978-10-14 13:50:51',NULL),(9,28,'1998-06-27 17:49:33',NULL),(9,40,'1987-11-07 15:39:10',NULL),(9,54,'1975-06-23 19:01:25',NULL),(9,92,'1985-11-14 23:42:18',NULL),(10,23,'1996-03-06 10:11:10',NULL),(10,46,'1975-05-10 07:12:07',NULL),(10,53,'1971-05-27 07:57:58',NULL),(10,66,'1986-04-13 01:54:20',NULL),(10,85,'1988-11-01 05:05:17',NULL),(11,1,'2005-02-21 11:55:24',NULL),(11,5,'1980-08-28 13:47:29',NULL),(11,8,'2000-01-25 07:47:40',NULL),(11,19,'1996-04-02 07:02:57',NULL),(11,67,'1980-07-13 14:54:51',NULL),(12,32,'1998-04-21 00:36:27',NULL),(12,42,'1987-07-19 11:36:08',NULL),(13,4,'2018-03-30 10:50:44',NULL),(13,57,'1987-04-11 07:31:09',NULL),(13,82,'1999-02-11 01:24:42',NULL),(13,93,'2007-04-19 11:41:32',NULL),(14,26,'1971-12-30 08:08:11',NULL),(14,31,'2009-03-14 03:29:42',NULL),(14,55,'1976-12-22 22:03:58',NULL),(14,59,'2000-08-15 06:53:47',NULL),(14,63,'2020-06-26 23:51:26',NULL),(14,79,'1993-01-18 13:31:53',NULL),(14,80,'1986-11-15 18:29:11',NULL),(14,86,'1997-07-26 16:42:49',NULL),(15,20,'2015-07-10 09:26:27',NULL),(15,58,'2011-03-29 20:29:39',NULL),(15,62,'1971-10-27 06:23:56',NULL),(15,95,'2008-07-31 08:50:44',NULL),(16,6,'2014-05-27 05:08:43',NULL),(16,13,'1999-11-30 14:53:33',NULL),(16,77,'2000-02-24 14:27:30',NULL),(16,99,'1975-08-30 11:38:33',NULL),(17,22,'1996-12-16 23:09:35',NULL),(17,33,'1982-07-11 10:26:34',NULL),(17,45,'2011-10-11 08:45:03',NULL),(17,88,'1985-09-16 17:10:06',NULL),(17,91,'1980-07-29 02:38:50',NULL),(17,96,'2007-02-04 20:13:06',NULL),(18,24,'2016-03-30 12:40:42',NULL),(18,37,'1971-02-18 02:47:15',NULL),(18,73,'1993-05-19 10:55:27',NULL),(18,97,'1995-07-12 20:45:13',NULL),(18,98,'1980-09-18 20:46:34',NULL),(19,10,'1996-03-13 03:41:31',NULL),(19,29,'1999-08-04 05:30:43',NULL),(19,47,'1982-11-08 08:03:07',NULL),(19,70,'2010-09-18 01:00:24',NULL),(19,74,'1980-06-25 11:29:08',NULL),(19,75,'1979-08-03 00:01:36',NULL),(19,76,'1991-02-22 09:56:00',NULL),(19,94,'2013-05-27 09:13:36',NULL),(20,15,'1971-08-13 05:01:08',NULL),(20,52,'1970-12-30 12:17:39',NULL),(20,71,'1984-12-18 04:07:06',NULL),(20,87,'1995-04-14 09:41:53',NULL);
/*!40000 ALTER TABLE `communities_users` ENABLE KEYS */;
UNLOCK TABLES;

--
-- Table structure for table `friendship`
--

DROP TABLE IF EXISTS `friendship`;
/*!40101 SET @saved_cs_client     = @@character_set_client */;
/*!50503 SET character_set_client = utf8mb4 */;
CREATE TABLE `friendship` (
  `id` int unsigned NOT NULL AUTO_INCREMENT COMMENT 'Идентификатор строки',
  `user_id` int unsigned NOT NULL COMMENT 'Ссылка на инициатора дружеских отношений',
  `friend_id` int unsigned NOT NULL COMMENT 'Ссылка на получателя приглашения дружить',
  `status_id` int unsigned NOT NULL COMMENT 'Ссылка на статус (текущее состояние) отношений',
  `requested_at` datetime DEFAULT CURRENT_TIMESTAMP COMMENT 'Время отправления приглашения дружить',
  `confirmed_at` datetime DEFAULT NULL COMMENT 'Время подтверждения приглашения',
  `created_at` datetime DEFAULT CURRENT_TIMESTAMP COMMENT 'Время создания строки',
  `updated_at` datetime DEFAULT CURRENT_TIMESTAMP ON UPDATE CURRENT_TIMESTAMP COMMENT 'Время обновления строки',
  PRIMARY KEY (`id`),
  UNIQUE KEY `user_id` (`user_id`,`friend_id`) COMMENT '''Составной первичный ключ''',
  KEY `riend_fk_idx` (`friend_id`),
  KEY `status_fk_idx` (`status_id`),
  CONSTRAINT `riend_fk` FOREIGN KEY (`friend_id`) REFERENCES `users` (`id`),
  CONSTRAINT `status_fk` FOREIGN KEY (`status_id`) REFERENCES `friendship_statuses` (`id`),
  CONSTRAINT `user_fk` FOREIGN KEY (`user_id`) REFERENCES `users` (`id`)
) ENGINE=InnoDB AUTO_INCREMENT=101 DEFAULT CHARSET=utf8mb4 COLLATE=utf8mb4_0900_ai_ci COMMENT='Таблица дружбы';
/*!40101 SET character_set_client = @saved_cs_client */;

--
-- Dumping data for table `friendship`
--

LOCK TABLES `friendship` WRITE;
/*!40000 ALTER TABLE `friendship` DISABLE KEYS */;
INSERT INTO `friendship` VALUES (1,94,102,3,'2003-09-05 03:19:41','2011-08-21 11:25:27','1995-08-21 12:44:05','1975-03-12 03:22:02'),(2,41,4,5,'2017-07-04 04:31:44','1984-10-20 08:05:19','1981-09-14 16:19:21','2020-07-06 13:27:26'),(3,10,14,11,'2009-08-11 01:47:55','1998-11-12 01:23:34','2008-01-16 15:34:45','2020-05-29 22:40:09'),(4,64,7,10,'2000-07-26 15:12:24','2005-02-12 12:53:06','2019-05-06 23:53:46','1992-08-16 11:18:19'),(5,40,106,13,'2019-01-22 22:39:32','2019-06-01 06:35:16','1992-08-18 23:55:54','1986-05-19 04:56:15'),(6,89,76,8,'1976-01-14 11:38:29','1977-12-06 15:26:33','1995-04-14 09:57:10','1976-05-04 05:56:57'),(7,38,76,5,'1988-05-16 21:16:08','1988-09-15 18:10:16','1982-09-13 01:07:15','2019-04-27 00:19:47'),(8,91,34,12,'1979-04-09 03:53:17','2012-03-09 03:04:50','1981-05-09 05:14:33','2016-07-16 22:05:24'),(9,78,86,13,'1979-05-07 09:58:20','2003-10-21 01:24:19','1996-03-27 18:48:31','1974-01-04 16:03:58'),(10,81,103,10,'2006-05-17 23:35:54','1972-10-02 00:38:27','2015-09-17 06:23:56','1983-12-01 01:18:22'),(11,3,101,10,'1970-01-24 17:20:25','1991-04-05 06:17:43','2007-06-12 11:16:16','1992-11-27 22:14:19'),(12,69,57,3,'1984-08-16 20:22:14','1999-05-12 20:23:01','1994-07-29 07:15:31','1992-03-08 10:36:51'),(13,91,28,1,'1994-07-17 18:09:58','2009-07-13 04:54:57','2011-04-10 11:16:06','1970-06-15 03:35:53'),(14,109,14,1,'2014-08-10 15:54:02','1973-01-17 07:45:16','2009-03-09 03:21:31','2014-10-17 14:53:13'),(15,57,55,10,'2018-06-19 01:17:41','1980-08-08 15:33:02','2012-12-30 09:40:49','1970-08-26 20:54:06'),(16,109,50,5,'2014-01-13 11:29:29','1987-04-22 08:15:04','1983-07-22 14:07:15','1986-01-06 09:39:00'),(17,65,2,7,'1976-03-23 05:43:30','1996-08-17 19:13:04','2009-11-27 11:43:05','2003-08-23 04:04:24'),(18,73,59,9,'1991-09-18 20:31:10','1995-03-04 07:55:07','2002-08-26 22:03:21','1972-03-19 01:30:50'),(19,79,86,11,'1996-02-07 05:53:36','2001-04-23 20:51:25','1972-03-13 10:16:39','1992-02-03 21:13:04'),(20,90,50,10,'2015-08-10 09:36:08','1975-01-14 06:03:11','2016-09-27 18:13:07','2005-09-15 02:49:46'),(21,29,68,5,'1985-12-21 01:08:55','2011-12-21 10:11:24','1994-04-03 15:19:30','1971-11-08 19:46:04'),(22,1,90,1,'2001-01-07 10:44:27','1970-02-13 11:57:51','1991-10-05 21:23:29','1985-06-22 06:31:17'),(23,86,41,7,'2017-08-07 23:42:14','2013-08-04 18:11:21','2000-05-11 09:56:08','2008-04-29 16:17:55'),(24,90,46,6,'1993-10-04 06:16:15','1972-11-19 19:25:36','2015-05-24 00:03:59','2015-07-25 11:30:34'),(25,55,108,8,'1991-04-09 09:22:35','1977-11-08 19:04:34','1975-09-11 22:40:37','2009-12-31 18:39:34'),(26,34,35,2,'1970-07-27 17:04:40','2010-11-15 21:51:37','2000-02-08 18:43:09','1974-08-18 23:58:50'),(27,92,7,11,'2010-08-20 03:38:04','1999-05-03 23:15:56','2000-07-01 04:43:43','2009-04-27 22:27:33'),(28,23,14,7,'1981-02-16 18:12:47','1980-01-25 08:51:54','2010-02-18 12:19:10','1975-05-15 13:30:19'),(29,106,61,4,'2019-02-03 06:30:24','1972-08-15 11:12:19','1975-03-30 19:08:39','1991-10-01 06:58:53'),(30,41,19,6,'2008-03-08 16:33:13','1991-10-15 18:29:58','2001-05-10 02:12:16','2019-05-16 07:59:16'),(31,73,98,2,'2006-03-11 10:53:38','1992-06-30 08:55:23','1984-08-21 18:10:06','1978-12-27 19:51:41'),(32,48,21,9,'1984-10-01 08:29:22','2006-04-11 06:59:45','1971-11-06 15:07:29','1978-02-06 09:59:13'),(33,97,104,9,'1991-04-22 21:14:37','2014-05-03 14:01:28','1970-02-11 03:14:11','2007-11-17 01:42:02'),(34,98,75,10,'2006-04-19 15:09:25','1971-02-02 10:02:55','2003-06-04 05:54:14','2019-03-30 15:41:12'),(35,77,18,2,'1987-12-18 22:21:24','1993-06-11 12:28:53','1977-10-02 16:49:19','2014-05-23 18:20:32'),(36,92,83,3,'2008-09-20 23:22:02','2019-07-23 16:16:48','1986-05-16 08:27:07','2010-11-16 07:11:36'),(37,78,17,11,'1996-02-14 01:47:51','1971-10-09 01:53:53','1978-06-09 12:30:39','1980-12-11 13:40:50'),(38,53,20,7,'1992-01-16 11:39:08','1970-03-09 20:09:11','2012-03-07 09:54:41','1986-02-23 22:09:04'),(39,75,99,7,'1977-03-14 07:10:24','2012-03-21 19:37:15','2003-12-23 16:54:39','2013-10-01 00:26:24'),(40,7,109,10,'1982-11-18 10:03:31','2013-05-15 05:29:25','1982-10-01 21:34:55','2003-10-16 17:37:51'),(41,31,81,9,'1976-10-21 09:42:00','1997-03-18 05:54:52','2005-06-12 11:12:02','2008-11-25 07:33:33'),(42,7,97,4,'2003-10-27 19:21:31','1986-12-12 06:46:23','1999-11-24 20:08:41','1983-11-26 02:58:29'),(43,37,30,6,'1986-02-25 20:35:46','1999-10-04 22:44:47','2017-06-19 19:44:41','1987-03-24 23:49:55'),(44,63,53,5,'2017-12-13 14:32:31','2002-06-22 12:46:27','1978-12-06 21:30:55','2010-04-30 03:39:50'),(45,95,38,3,'1975-08-02 03:19:41','1978-07-11 12:55:32','1976-08-07 19:58:45','1977-03-17 06:22:45'),(46,74,84,11,'2006-01-07 20:14:14','2007-04-15 12:14:49','1977-09-22 10:20:48','2005-08-25 11:02:03'),(47,61,19,5,'2003-04-25 09:11:42','1987-09-17 07:57:03','2008-09-11 23:24:01','1970-12-06 00:03:23'),(48,4,81,2,'1974-11-03 00:40:36','1995-02-17 01:30:50','1995-06-05 01:13:30','1991-03-16 14:25:07'),(49,22,54,1,'1975-01-04 11:28:57','2010-06-17 20:10:00','1982-07-03 12:30:41','1993-01-29 08:56:51'),(50,109,21,6,'2017-06-18 22:25:09','1974-04-15 07:28:28','1992-11-22 19:09:25','2000-05-06 00:30:17'),(51,72,108,1,'2008-02-08 18:24:45','2016-10-21 12:20:41','1987-05-06 03:08:55','2005-01-31 01:03:33'),(52,100,71,7,'1974-12-06 02:55:22','1972-03-30 17:52:39','2002-03-23 06:33:05','2008-03-09 03:38:01'),(53,100,53,8,'1996-04-23 21:48:49','1989-08-09 23:40:03','2004-04-07 01:02:52','2010-09-28 00:29:46'),(54,15,104,1,'2020-06-20 00:17:03','1974-06-14 00:02:02','2004-07-19 13:25:22','1975-04-25 12:02:47'),(55,67,57,2,'2013-12-05 06:22:52','1997-03-21 02:08:40','2007-12-14 03:11:41','2018-03-08 23:00:42'),(56,6,92,10,'2018-05-06 19:37:42','2002-04-07 07:32:57','2006-10-27 08:22:19','1973-02-22 03:03:08'),(57,50,6,12,'2013-06-03 17:02:29','1990-10-05 09:53:37','1994-05-26 20:04:12','1984-12-24 17:33:00'),(58,54,36,12,'2018-10-24 06:30:12','2009-01-08 19:39:18','2011-11-10 01:27:18','1990-08-07 18:59:04'),(59,46,12,3,'2000-05-26 00:56:26','1980-09-07 03:00:26','2005-02-20 15:39:48','1974-07-28 04:58:07'),(60,29,9,11,'1973-12-30 18:47:20','1989-09-01 18:51:50','1994-07-31 18:11:51','1970-01-12 04:31:19'),(61,40,59,9,'1979-04-10 10:14:52','1982-06-29 10:21:01','1993-01-18 01:05:38','2014-01-03 20:02:23'),(62,61,81,1,'2003-05-23 08:23:52','1992-02-27 06:44:19','2014-06-08 09:50:08','1982-03-19 20:37:04'),(63,50,71,9,'1980-11-18 00:46:03','1991-09-18 08:09:26','1979-11-25 07:33:30','1984-08-24 08:13:31'),(64,38,32,12,'1995-10-10 12:11:12','2016-07-29 09:47:26','2004-05-21 16:50:58','2004-11-17 06:53:37'),(65,8,65,10,'2010-11-26 12:31:19','1985-12-08 09:40:33','2004-06-09 20:03:39','1999-06-09 14:08:52'),(66,58,63,5,'1983-07-05 07:24:10','2003-06-22 10:37:38','2011-02-17 18:25:20','1986-08-24 07:33:01'),(67,42,8,1,'1984-12-27 14:38:58','1981-01-28 01:31:33','1979-03-02 17:00:31','1990-07-26 17:05:49'),(68,27,19,13,'1994-05-05 04:34:50','1982-01-22 23:10:42','2007-04-07 18:52:23','1979-06-08 04:08:24'),(69,79,37,13,'1971-12-05 00:47:53','2008-06-29 16:46:29','2007-07-15 11:25:35','1978-03-24 04:39:14'),(70,55,4,7,'2013-04-25 23:28:20','1997-06-17 09:16:54','1978-07-03 03:44:12','1990-10-03 17:14:29'),(71,47,90,10,'2007-03-11 08:11:37','2015-05-05 21:09:25','1979-07-27 18:56:03','1996-05-25 09:12:23'),(72,44,50,9,'1988-04-08 03:31:18','1972-02-06 00:26:26','1979-08-07 03:51:18','1978-12-27 18:07:14'),(73,75,14,6,'2002-07-15 19:09:03','1992-12-21 02:34:49','2011-12-05 03:14:47','2013-12-04 07:24:36'),(74,8,6,7,'1971-09-06 04:40:25','2006-07-05 11:59:45','1989-09-22 16:02:12','1981-06-04 06:29:31'),(75,44,74,4,'1980-01-06 23:50:11','1998-12-14 17:30:56','1992-04-06 07:23:00','1997-05-10 05:09:23'),(76,32,51,13,'1986-09-16 21:36:01','1984-05-03 01:48:06','1974-04-15 01:12:36','1973-05-10 12:19:06'),(77,53,66,11,'1984-05-28 03:25:20','1980-04-01 12:16:18','1979-05-27 04:42:54','2005-09-21 22:39:05'),(78,85,76,9,'1988-07-06 19:55:21','1996-07-13 18:56:58','1977-05-03 05:50:53','2002-08-10 14:24:00'),(79,80,89,5,'1974-08-13 03:51:47','1975-12-03 22:45:53','1985-01-05 00:39:12','1982-02-03 17:31:59'),(80,53,23,10,'1970-10-20 09:08:49','1977-02-16 01:16:33','1972-04-21 13:37:39','2006-01-14 02:46:37'),(81,60,95,2,'2012-12-07 20:39:17','2018-09-11 18:56:24','2020-02-21 04:20:45','2019-01-29 17:54:32'),(82,9,83,11,'1982-05-07 06:29:40','1990-06-08 07:31:46','1994-06-30 04:13:01','2020-02-09 00:46:47'),(83,24,76,4,'1994-02-01 16:11:10','1975-08-16 04:51:13','1992-05-31 14:32:02','1978-04-23 07:18:37'),(84,6,93,12,'1984-12-08 03:15:27','1978-09-05 15:31:30','1974-03-23 22:30:01','2011-12-30 02:41:39'),(85,40,27,12,'1994-05-01 15:19:03','1986-08-10 04:48:07','1986-07-23 15:42:25','1974-06-18 12:41:48'),(86,71,36,3,'2006-12-12 19:59:09','2010-05-26 14:06:43','1997-01-08 23:17:32','2008-08-15 05:48:02'),(87,41,56,12,'1996-10-14 05:27:09','2012-03-26 22:52:33','2015-09-13 21:36:04','1970-06-05 20:09:10'),(88,39,30,12,'1990-05-05 21:38:29','1997-04-10 02:33:16','1982-08-09 16:34:15','1994-04-23 19:38:25'),(89,35,64,5,'1977-04-25 01:05:18','1992-07-18 08:30:02','2002-11-25 20:05:46','1986-04-28 04:04:08'),(90,18,57,11,'1991-11-06 17:20:47','2000-11-18 00:45:19','1986-03-13 17:41:36','1979-01-21 07:09:39'),(91,34,26,13,'2018-03-03 18:55:17','1984-12-23 04:12:09','1988-04-28 02:14:49','2008-11-02 04:37:54'),(92,3,63,13,'1976-09-13 13:39:40','1984-01-25 19:01:03','1972-04-27 19:53:12','2008-03-02 04:29:43'),(93,105,109,3,'1970-12-29 22:16:45','1999-03-11 13:09:22','1984-09-06 02:08:47','2020-05-21 09:40:15'),(94,40,32,4,'1981-01-10 00:36:06','2008-09-28 08:55:31','1979-12-06 21:33:21','1985-08-12 06:01:03'),(95,50,17,3,'1982-02-07 02:00:52','1973-05-07 19:24:12','2017-12-14 16:52:27','1983-06-15 14:41:27'),(96,65,27,10,'1999-02-05 04:15:52','2011-07-02 21:49:10','2004-08-03 20:49:45','2005-08-24 02:20:58'),(97,49,31,5,'1973-09-07 21:32:41','1977-11-01 05:28:38','1985-01-16 18:07:41','1971-07-25 10:44:42'),(98,45,89,2,'2017-05-20 02:30:23','2016-03-26 21:53:06','1986-07-25 14:08:58','2007-08-22 02:22:58'),(99,107,63,1,'2000-06-20 05:00:07','2007-03-29 23:24:51','1999-01-13 21:23:19','1992-03-29 21:12:49'),(100,57,59,11,'2018-12-13 13:28:54','2019-02-26 02:15:44','1978-12-29 14:43:14','1990-04-15 12:10:31');
/*!40000 ALTER TABLE `friendship` ENABLE KEYS */;
UNLOCK TABLES;

--
-- Table structure for table `friendship_history`
--

DROP TABLE IF EXISTS `friendship_history`;
/*!40101 SET @saved_cs_client     = @@character_set_client */;
/*!50503 SET character_set_client = utf8mb4 */;
CREATE TABLE `friendship_history` (
  `id` int unsigned NOT NULL AUTO_INCREMENT COMMENT 'Идентификатор строки',
  `friendship_id` int unsigned NOT NULL COMMENT 'Ссылка на запись о дружеских отношениях',
  `status_id` int unsigned NOT NULL COMMENT 'Ссылка на статус отношений',
  `created_at` datetime DEFAULT CURRENT_TIMESTAMP COMMENT 'Время создания строки',
  PRIMARY KEY (`id`),
  KEY `friendship_fk` (`friendship_id`),
  KEY `friendship_history_status_fk` (`status_id`),
  CONSTRAINT `friendship_fk` FOREIGN KEY (`friendship_id`) REFERENCES `friendship` (`id`),
  CONSTRAINT `friendship_history_status_fk` FOREIGN KEY (`status_id`) REFERENCES `friendship_statuses` (`id`)
) ENGINE=InnoDB DEFAULT CHARSET=utf8mb4 COLLATE=utf8mb4_0900_ai_ci COMMENT='История дружбы';
/*!40101 SET character_set_client = @saved_cs_client */;

--
-- Dumping data for table `friendship_history`
--

LOCK TABLES `friendship_history` WRITE;
/*!40000 ALTER TABLE `friendship_history` DISABLE KEYS */;
/*!40000 ALTER TABLE `friendship_history` ENABLE KEYS */;
UNLOCK TABLES;

--
-- Table structure for table `friendship_statuses`
--

DROP TABLE IF EXISTS `friendship_statuses`;
/*!40101 SET @saved_cs_client     = @@character_set_client */;
/*!50503 SET character_set_client = utf8mb4 */;
CREATE TABLE `friendship_statuses` (
  `id` int unsigned NOT NULL AUTO_INCREMENT COMMENT 'Идентификатор строки',
  `name` varchar(150) CHARACTER SET utf8 COLLATE utf8_unicode_ci NOT NULL COMMENT 'Название статуса',
  `created_at` datetime DEFAULT CURRENT_TIMESTAMP COMMENT 'Время создания строки',
  `updated_at` datetime DEFAULT CURRENT_TIMESTAMP ON UPDATE CURRENT_TIMESTAMP COMMENT 'Время обновления строки',
  PRIMARY KEY (`id`),
  UNIQUE KEY `name` (`name`)
) ENGINE=InnoDB AUTO_INCREMENT=14 DEFAULT CHARSET=utf8 COLLATE=utf8_unicode_ci COMMENT='Статусы дружбы';
/*!40101 SET character_set_client = @saved_cs_client */;

--
-- Dumping data for table `friendship_statuses`
--

LOCK TABLES `friendship_statuses` WRITE;
/*!40000 ALTER TABLE `friendship_statuses` DISABLE KEYS */;
INSERT INTO `friendship_statuses` VALUES (1,'pariatur','1977-03-18 01:27:42','2011-08-22 08:32:57'),(2,'quam','2011-03-31 12:21:18','2020-03-05 12:22:57'),(3,'iusto','1994-04-02 11:44:27','1992-08-07 21:15:32'),(4,'sapiente','2010-09-17 07:22:02','1978-07-09 22:11:24'),(5,'ipsum','1988-09-23 22:32:15','1970-06-10 23:47:54'),(6,'accusamus','1983-12-04 10:35:56','1971-03-17 20:20:50'),(7,'reprehenderit','1988-08-23 11:21:05','1996-06-17 02:13:02'),(8,'soluta','2017-04-04 12:09:24','2015-07-04 12:12:05'),(9,'natus','1987-02-17 23:57:20','2000-09-19 09:54:09'),(10,'illum','2002-12-16 17:17:59','1984-12-18 14:54:45'),(11,'Requested','2020-08-02 21:55:53','2020-08-02 21:55:53'),(12,'Confirmed','2020-08-02 21:55:53','2020-08-02 21:55:53'),(13,'Rejected','2020-08-02 21:55:53','2020-08-02 21:55:53');
/*!40000 ALTER TABLE `friendship_statuses` ENABLE KEYS */;
UNLOCK TABLES;

--
-- Table structure for table `likes`
--

DROP TABLE IF EXISTS `likes`;
/*!40101 SET @saved_cs_client     = @@character_set_client */;
/*!50503 SET character_set_client = utf8mb4 */;
CREATE TABLE `likes` (
  `id` int unsigned NOT NULL AUTO_INCREMENT,
  `user_id` int unsigned NOT NULL,
  `target_id` int unsigned NOT NULL,
  `target_type_id` int unsigned NOT NULL,
  `created_at` datetime DEFAULT CURRENT_TIMESTAMP,
  PRIMARY KEY (`id`)
) ENGINE=InnoDB AUTO_INCREMENT=101 DEFAULT CHARSET=utf8mb4 COLLATE=utf8mb4_0900_ai_ci;
/*!40101 SET character_set_client = @saved_cs_client */;

--
-- Dumping data for table `likes`
--

LOCK TABLES `likes` WRITE;
/*!40000 ALTER TABLE `likes` DISABLE KEYS */;
INSERT INTO `likes` VALUES (1,84,1,3,'2020-08-04 12:38:30'),(2,66,10,2,'2020-08-04 12:38:30'),(3,25,97,1,'2020-08-04 12:38:30'),(4,56,15,1,'2020-08-04 12:38:30'),(5,38,92,2,'2020-08-04 12:38:30'),(6,85,20,2,'2020-08-04 12:38:30'),(7,77,47,1,'2020-08-04 12:38:30'),(8,60,63,2,'2020-08-04 12:38:30'),(9,26,79,1,'2020-08-04 12:38:30'),(10,40,100,4,'2020-08-04 12:38:30'),(11,12,96,2,'2020-08-04 12:38:30'),(12,77,56,2,'2020-08-04 12:38:30'),(13,50,87,4,'2020-08-04 12:38:30'),(14,46,21,3,'2020-08-04 12:38:30'),(15,46,50,1,'2020-08-04 12:38:30'),(16,65,5,2,'2020-08-04 12:38:30'),(17,58,41,2,'2020-08-04 12:38:30'),(18,15,89,4,'2020-08-04 12:38:30'),(19,94,32,4,'2020-08-04 12:38:30'),(20,17,35,2,'2020-08-04 12:38:30'),(21,87,28,4,'2020-08-04 12:38:30'),(22,20,76,1,'2020-08-04 12:38:30'),(23,40,92,2,'2020-08-04 12:38:30'),(24,28,81,1,'2020-08-04 12:38:30'),(25,90,29,3,'2020-08-04 12:38:30'),(26,79,70,1,'2020-08-04 12:38:30'),(27,4,11,2,'2020-08-04 12:38:30'),(28,21,88,3,'2020-08-04 12:38:30'),(29,60,83,2,'2020-08-04 12:38:30'),(30,23,42,2,'2020-08-04 12:38:30'),(31,15,77,2,'2020-08-04 12:38:30'),(32,93,24,2,'2020-08-04 12:38:30'),(33,54,88,3,'2020-08-04 12:38:30'),(34,36,52,3,'2020-08-04 12:38:30'),(35,72,58,3,'2020-08-04 12:38:30'),(36,41,59,3,'2020-08-04 12:38:30'),(37,32,70,3,'2020-08-04 12:38:30'),(38,54,33,4,'2020-08-04 12:38:30'),(39,73,98,3,'2020-08-04 12:38:30'),(40,89,26,3,'2020-08-04 12:38:30'),(41,38,100,4,'2020-08-04 12:38:30'),(42,89,69,4,'2020-08-04 12:38:30'),(43,1,1,1,'2020-08-04 12:38:30'),(44,74,6,1,'2020-08-04 12:38:30'),(45,14,9,4,'2020-08-04 12:38:30'),(46,72,70,2,'2020-08-04 12:38:30'),(47,40,13,2,'2020-08-04 12:38:30'),(48,42,83,4,'2020-08-04 12:38:30'),(49,43,96,2,'2020-08-04 12:38:30'),(50,88,77,1,'2020-08-04 12:38:30'),(51,95,92,3,'2020-08-04 12:38:30'),(52,58,57,1,'2020-08-04 12:38:30'),(53,22,31,4,'2020-08-04 12:38:30'),(54,84,2,3,'2020-08-04 12:38:30'),(55,58,50,3,'2020-08-04 12:38:30'),(56,63,40,1,'2020-08-04 12:38:30'),(57,81,96,2,'2020-08-04 12:38:30'),(58,53,40,2,'2020-08-04 12:38:30'),(59,91,36,1,'2020-08-04 12:38:30'),(60,89,26,3,'2020-08-04 12:38:30'),(61,67,39,4,'2020-08-04 12:38:30'),(62,64,65,2,'2020-08-04 12:38:30'),(63,71,91,2,'2020-08-04 12:38:30'),(64,3,73,3,'2020-08-04 12:38:30'),(65,1,4,1,'2020-08-04 12:38:30'),(66,22,94,1,'2020-08-04 12:38:30'),(67,92,19,1,'2020-08-04 12:38:30'),(68,8,4,4,'2020-08-04 12:38:30'),(69,10,25,4,'2020-08-04 12:38:30'),(70,4,86,1,'2020-08-04 12:38:30'),(71,74,54,2,'2020-08-04 12:38:30'),(72,11,31,1,'2020-08-04 12:38:30'),(73,28,8,3,'2020-08-04 12:38:30'),(74,69,23,1,'2020-08-04 12:38:30'),(75,55,14,1,'2020-08-04 12:38:30'),(76,2,7,2,'2020-08-04 12:38:30'),(77,22,10,4,'2020-08-04 12:38:30'),(78,8,35,3,'2020-08-04 12:38:30'),(79,34,39,4,'2020-08-04 12:38:30'),(80,51,89,4,'2020-08-04 12:38:30'),(81,14,55,2,'2020-08-04 12:38:30'),(82,56,22,2,'2020-08-04 12:38:30'),(83,54,60,2,'2020-08-04 12:38:30'),(84,79,74,2,'2020-08-04 12:38:30'),(85,53,10,4,'2020-08-04 12:38:30'),(86,33,66,2,'2020-08-04 12:38:30'),(87,28,57,1,'2020-08-04 12:38:30'),(88,77,29,1,'2020-08-04 12:38:30'),(89,80,34,2,'2020-08-04 12:38:30'),(90,81,59,3,'2020-08-04 12:38:30'),(91,39,5,1,'2020-08-04 12:38:30'),(92,67,35,3,'2020-08-04 12:38:30'),(93,44,34,2,'2020-08-04 12:38:30'),(94,72,19,4,'2020-08-04 12:38:30'),(95,77,32,2,'2020-08-04 12:38:30'),(96,14,89,1,'2020-08-04 12:38:30'),(97,52,64,3,'2020-08-04 12:38:30'),(98,13,47,4,'2020-08-04 12:38:30'),(99,49,56,2,'2020-08-04 12:38:30'),(100,25,97,1,'2020-08-04 12:38:30');
/*!40000 ALTER TABLE `likes` ENABLE KEYS */;
UNLOCK TABLES;

--
-- Table structure for table `media`
--

DROP TABLE IF EXISTS `media`;
/*!40101 SET @saved_cs_client     = @@character_set_client */;
/*!50503 SET character_set_client = utf8mb4 */;
CREATE TABLE `media` (
  `id` int unsigned NOT NULL AUTO_INCREMENT COMMENT 'Идентификатор строки',
  `user_id` int unsigned NOT NULL COMMENT 'Ссылка на пользователя, который загрузил файл',
  `filename` varchar(255) CHARACTER SET utf8 COLLATE utf8_unicode_ci NOT NULL COMMENT 'Путь к файлу',
  `size` int NOT NULL COMMENT 'Размер файла',
  `metadata` json DEFAULT NULL,
  `media_type_id` int unsigned NOT NULL COMMENT 'Ссылка на тип контента',
  `created_at` datetime DEFAULT CURRENT_TIMESTAMP COMMENT 'Время создания строки',
  `updated_at` datetime DEFAULT CURRENT_TIMESTAMP ON UPDATE CURRENT_TIMESTAMP COMMENT 'Время обновления строки',
  PRIMARY KEY (`id`),
  KEY `media_user_fk` (`user_id`),
  KEY `media_type_fk` (`media_type_id`),
  CONSTRAINT `media_type_fk` FOREIGN KEY (`media_type_id`) REFERENCES `media_types` (`id`),
  CONSTRAINT `media_user_fk` FOREIGN KEY (`user_id`) REFERENCES `users` (`id`)
) ENGINE=InnoDB AUTO_INCREMENT=111 DEFAULT CHARSET=utf8 COLLATE=utf8_unicode_ci COMMENT='Медиафайлы';
/*!40101 SET character_set_client = @saved_cs_client */;

--
-- Dumping data for table `media`
--

LOCK TABLES `media` WRITE;
/*!40000 ALTER TABLE `media` DISABLE KEYS */;
INSERT INTO `media` VALUES (1,10,'https://dropbox/vk/odit.mpeg',4752,'{\"owner\": \"Neal Hegmann\"}',3,'1999-01-28 21:35:27','2020-08-02 21:55:52'),(2,63,'https://dropbox/vk/adipisci.avi',973784,'{\"owner\": \"Jefferey Kilback\"}',1,'1992-11-02 09:58:25','2020-08-02 21:55:52'),(3,84,'https://dropbox/vk/voluptate.png',361102037,'{\"owner\": \"Mercedes Watsica\"}',2,'1974-11-16 15:02:53','2020-08-02 21:55:52'),(4,31,'https://dropbox/vk/asperiores.jpeg',4811,'{\"owner\": \"Loyce Hermann\"}',3,'1970-05-20 09:19:37','2020-08-02 21:55:52'),(5,2,'https://dropbox/vk/ut.jpeg',881180,'{\"owner\": \"Clovis Crist\"}',2,'2005-04-10 19:40:50','2020-08-02 21:55:52'),(6,17,'https://dropbox/vk/deserunt.png',474550,'{\"owner\": \"Nikko Weimann\"}',2,'1979-08-27 23:59:52','2020-08-02 21:55:52'),(7,78,'https://dropbox/vk/eligendi.jpeg',63928655,'{\"owner\": \"Judd Funk\"}',1,'1983-01-20 14:27:19','2020-08-02 21:55:52'),(8,41,'https://dropbox/vk/ducimus.png',719210,'{\"owner\": \"Kaitlin Koepp\"}',3,'1980-03-30 01:16:05','2020-08-02 21:55:52'),(9,67,'https://dropbox/vk/cumque.jpeg',726266,'{\"owner\": \"Maxwell Swift\"}',3,'1998-07-03 23:25:44','2020-08-02 21:55:52'),(10,12,'https://dropbox/vk/qui.avi',162401,'{\"owner\": \"Grace Oberbrunner\"}',1,'1993-09-09 15:28:36','2020-08-02 21:55:52'),(11,57,'https://dropbox/vk/minus.avi',76763917,'{\"owner\": \"Aniya Boehm\"}',3,'1978-12-01 13:57:14','2020-08-02 21:55:52'),(12,51,'https://dropbox/vk/reprehenderit.mpeg',644375,'{\"owner\": \"Camilla Schoen\"}',3,'1997-09-08 03:43:05','2020-08-02 21:55:52'),(13,82,'https://dropbox/vk/eum.mpeg',806701094,'{\"owner\": \"Katherine Gutkowski\"}',3,'1996-09-02 13:22:27','2020-08-02 21:55:52'),(14,58,'https://dropbox/vk/inventore.mpeg',40454,'{\"owner\": \"Nellie Rowe\"}',3,'1974-03-28 07:02:03','2020-08-02 21:55:52'),(15,44,'https://dropbox/vk/praesentium.png',64154899,'{\"owner\": \"Judson Gorczany\"}',1,'2011-03-18 10:41:27','2020-08-02 21:55:52'),(16,44,'https://dropbox/vk/porro.mpeg',2140,'{\"owner\": \"Judson Gorczany\"}',1,'1982-09-20 09:14:44','2020-08-02 21:55:52'),(17,89,'https://dropbox/vk/laborum.mpeg',5072,'{\"owner\": \"Annetta Marvin\"}',3,'2020-03-29 17:07:33','2020-08-02 21:55:52'),(18,11,'https://dropbox/vk/quia.avi',454539,'{\"owner\": \"Lue Gleichner\"}',2,'1989-03-13 00:00:56','2020-08-02 21:55:52'),(19,88,'https://dropbox/vk/veniam.avi',866719,'{\"owner\": \"Deshaun Nicolas\"}',2,'1990-11-29 19:48:00','2020-08-02 21:55:52'),(20,5,'https://dropbox/vk/voluptatem.avi',44283499,'{\"owner\": \"Lawson Gorczany\"}',1,'2000-12-03 16:37:57','2020-08-02 21:55:52'),(21,64,'https://dropbox/vk/facere.png',964293,'{\"owner\": \"Kay Lang\"}',3,'1990-06-22 00:23:23','2020-08-02 21:55:52'),(22,1,'https://dropbox/vk/nulla.avi',2628,'{\"owner\": \"Celestine Stark\"}',1,'1998-06-07 22:47:26','2020-08-02 21:55:52'),(23,15,'https://dropbox/vk/sint.avi',724674,'{\"owner\": \"Bobby Reynolds\"}',1,'2008-07-25 20:29:51','2020-08-02 21:55:52'),(24,70,'https://dropbox/vk/eaque.jpeg',81322,'{\"owner\": \"Maybelle Gibson\"}',3,'1989-01-28 00:01:19','2020-08-02 21:55:52'),(25,5,'https://dropbox/vk/vitae.png',3596584,'{\"owner\": \"Lawson Gorczany\"}',2,'2019-04-28 00:53:37','2020-08-02 21:55:52'),(26,12,'https://dropbox/vk/consequatur.jpeg',4108,'{\"owner\": \"Grace Oberbrunner\"}',1,'1982-10-22 19:04:06','2020-08-02 21:55:52'),(27,48,'https://dropbox/vk/voluptatem.png',680244,'{\"owner\": \"Caesar Hintz\"}',1,'2001-05-29 17:46:56','2020-08-02 21:55:52'),(28,2,'https://dropbox/vk/consectetur.avi',74204672,'{\"owner\": \"Clovis Crist\"}',1,'2012-08-07 07:35:49','2020-08-02 21:55:52'),(29,67,'https://dropbox/vk/id.mpeg',23726,'{\"owner\": \"Maxwell Swift\"}',2,'1994-04-29 07:10:25','2020-08-02 21:55:52'),(30,28,'https://dropbox/vk/quia.png',217201,'{\"owner\": \"Jacynthe Kling\"}',1,'2002-01-08 11:06:57','2020-08-02 21:55:52'),(31,39,'https://dropbox/vk/qui.jpeg',35271,'{\"owner\": \"Shania Green\"}',2,'2008-12-27 19:58:08','2020-08-02 21:55:52'),(32,10,'https://dropbox/vk/distinctio.png',66418,'{\"owner\": \"Neal Hegmann\"}',2,'2012-07-13 02:02:30','2020-08-02 21:55:52'),(33,32,'https://dropbox/vk/id.avi',3423,'{\"owner\": \"Jalon Beahan\"}',1,'2019-03-19 12:16:55','2020-08-02 21:55:52'),(34,29,'https://dropbox/vk/beatae.mpeg',369951,'{\"owner\": \"Jazmyn Cronin\"}',3,'1998-10-07 12:10:00','2020-08-02 21:55:52'),(35,48,'https://dropbox/vk/eligendi.avi',31893,'{\"owner\": \"Caesar Hintz\"}',2,'1974-06-19 17:24:41','2020-08-02 21:55:52'),(36,52,'https://dropbox/vk/voluptas.jpeg',849758,'{\"owner\": \"Candace Kuhic\"}',1,'1994-12-07 07:11:56','2020-08-02 21:55:52'),(37,17,'https://dropbox/vk/error.jpeg',2892,'{\"owner\": \"Nikko Weimann\"}',2,'1972-06-11 20:00:38','2020-08-02 21:55:52'),(38,29,'https://dropbox/vk/est.jpeg',84907,'{\"owner\": \"Jazmyn Cronin\"}',2,'1998-07-27 19:41:41','2020-08-02 21:55:52'),(39,93,'https://dropbox/vk/vel.png',208521518,'{\"owner\": \"Alf Wilkinson\"}',1,'1973-06-01 23:11:19','2020-08-02 21:55:52'),(40,77,'https://dropbox/vk/ad.png',56198,'{\"owner\": \"Lacy Hettinger\"}',1,'2010-12-30 01:44:01','2020-08-02 21:55:52'),(41,7,'https://dropbox/vk/pariatur.mpeg',368966867,'{\"owner\": \"Lewis Sipes\"}',2,'1996-12-16 12:51:48','2020-08-02 21:55:52'),(42,1,'https://dropbox/vk/consequatur.mpeg',10309951,'{\"owner\": \"Celestine Stark\"}',1,'1975-02-11 02:51:20','2020-08-02 21:55:52'),(43,85,'https://dropbox/vk/et.mpeg',8420,'{\"owner\": \"Ricardo Gleichner\"}',1,'1973-02-06 00:57:27','2020-08-02 21:55:52'),(44,22,'https://dropbox/vk/est.avi',536948771,'{\"owner\": \"Kristina Gulgowski\"}',3,'2012-10-15 05:38:00','2020-08-02 21:55:52'),(45,55,'https://dropbox/vk/ratione.jpeg',3080,'{\"owner\": \"Janet Shields\"}',3,'2000-11-05 01:56:54','2020-08-02 21:55:52'),(46,6,'https://dropbox/vk/voluptatibus.mpeg',514753,'{\"owner\": \"Leda Wisozk\"}',1,'2016-05-08 14:48:41','2020-08-02 21:55:52'),(47,65,'https://dropbox/vk/magni.jpeg',88264,'{\"owner\": \"Marilou Bartoletti\"}',1,'1993-05-20 02:27:48','2020-08-02 21:55:52'),(48,8,'https://dropbox/vk/non.jpeg',3767,'{\"owner\": \"Allene Schmitt\"}',1,'2008-11-12 22:57:11','2020-08-02 21:55:52'),(49,42,'https://dropbox/vk/eligendi.jpeg',457951,'{\"owner\": \"Nakia Monahan\"}',1,'1988-05-09 17:50:21','2020-08-02 21:55:52'),(50,87,'https://dropbox/vk/dolore.avi',54642,'{\"owner\": \"Nicklaus Herzog\"}',2,'2005-03-21 01:02:01','2020-08-02 21:55:52'),(51,6,'https://dropbox/vk/eveniet.avi',2033222,'{\"owner\": \"Leda Wisozk\"}',1,'1997-05-14 06:38:51','2020-08-02 21:55:52'),(52,71,'https://dropbox/vk/quas.mpeg',735497,'{\"owner\": \"Hector Konopelski\"}',1,'1975-07-17 19:07:07','2020-08-02 21:55:52'),(53,37,'https://dropbox/vk/iste.avi',293631,'{\"owner\": \"Randall Hartmann\"}',3,'1970-05-18 02:48:24','2020-08-02 21:55:52'),(54,71,'https://dropbox/vk/cupiditate.mpeg',251668,'{\"owner\": \"Hector Konopelski\"}',2,'1992-07-18 23:45:45','2020-08-02 21:55:52'),(55,42,'https://dropbox/vk/nostrum.avi',26696,'{\"owner\": \"Nakia Monahan\"}',2,'1992-06-28 18:26:20','2020-08-02 21:55:52'),(56,99,'https://dropbox/vk/dolor.jpeg',598547325,'{\"owner\": \"Garnet Douglas\"}',2,'1982-03-18 04:58:27','2020-08-02 21:55:52'),(57,66,'https://dropbox/vk/ipsa.png',11538,'{\"owner\": \"Kamille Heaney\"}',2,'1981-06-07 03:35:08','2020-08-02 21:55:52'),(58,33,'https://dropbox/vk/dolores.avi',367446,'{\"owner\": \"Bettye Pollich\"}',3,'2017-07-13 04:55:13','2020-08-02 21:55:52'),(59,65,'https://dropbox/vk/a.png',72227,'{\"owner\": \"Marilou Bartoletti\"}',3,'1987-07-13 15:55:10','2020-08-02 21:55:52'),(60,26,'https://dropbox/vk/asperiores.avi',105680905,'{\"owner\": \"Arnoldo Daniel\"}',3,'1997-12-29 11:43:38','2020-08-02 21:55:52'),(61,34,'https://dropbox/vk/sequi.png',39024,'{\"owner\": \"Bethany Rutherford\"}',2,'2008-03-01 19:50:19','2020-08-02 21:55:52'),(62,91,'https://dropbox/vk/ut.jpeg',248798,'{\"owner\": \"Lavinia Hintz\"}',2,'1998-12-28 00:31:30','2020-08-02 21:55:52'),(63,53,'https://dropbox/vk/corrupti.jpeg',50737699,'{\"owner\": \"Jerod Smitham\"}',2,'1976-10-02 23:06:01','2020-08-02 21:55:52'),(64,93,'https://dropbox/vk/ipsum.avi',68146,'{\"owner\": \"Alf Wilkinson\"}',3,'2013-09-04 10:51:51','2020-08-02 21:55:52'),(65,7,'https://dropbox/vk/molestiae.png',17308,'{\"owner\": \"Lewis Sipes\"}',2,'1987-02-28 18:48:57','2020-08-02 21:55:52'),(66,53,'https://dropbox/vk/tempora.mpeg',932795697,'{\"owner\": \"Jerod Smitham\"}',3,'2001-09-12 01:07:49','2020-08-02 21:55:52'),(67,43,'https://dropbox/vk/quia.png',330147,'{\"owner\": \"Leopold Johnson\"}',3,'2016-02-28 23:36:16','2020-08-02 21:55:52'),(68,55,'https://dropbox/vk/ut.jpeg',476383969,'{\"owner\": \"Janet Shields\"}',3,'2010-02-11 18:53:38','2020-08-02 21:55:52'),(69,44,'https://dropbox/vk/accusamus.jpeg',586312503,'{\"owner\": \"Judson Gorczany\"}',2,'1996-09-01 12:31:54','2020-08-02 21:55:52'),(70,58,'https://dropbox/vk/et.avi',588811,'{\"owner\": \"Nellie Rowe\"}',3,'1971-01-19 23:01:44','2020-08-02 21:55:52'),(71,55,'https://dropbox/vk/quibusdam.jpeg',3736,'{\"owner\": \"Janet Shields\"}',2,'1976-02-18 23:36:15','2020-08-02 21:55:52'),(72,3,'https://dropbox/vk/eum.mpeg',358390,'{\"owner\": \"Brandy Bayer\"}',3,'2001-06-08 05:41:22','2020-08-02 21:55:52'),(73,48,'https://dropbox/vk/reiciendis.png',943613,'{\"owner\": \"Caesar Hintz\"}',2,'2004-12-07 03:05:23','2020-08-02 21:55:52'),(74,30,'https://dropbox/vk/ut.jpeg',603890031,'{\"owner\": \"Eddie Bins\"}',1,'1971-09-03 04:22:47','2020-08-02 21:55:52'),(75,7,'https://dropbox/vk/omnis.mpeg',9758,'{\"owner\": \"Lewis Sipes\"}',2,'1971-08-17 20:37:09','2020-08-02 21:55:52'),(76,45,'https://dropbox/vk/sint.jpeg',941635,'{\"owner\": \"Alyson Schuppe\"}',2,'2015-05-25 22:05:44','2020-08-02 21:55:52'),(77,1,'https://dropbox/vk/est.avi',34722978,'{\"owner\": \"Celestine Stark\"}',1,'2009-05-22 03:53:09','2020-08-02 21:55:52'),(78,72,'https://dropbox/vk/sit.avi',399982563,'{\"owner\": \"Milo Brakus\"}',1,'1976-04-18 17:01:17','2020-08-02 21:55:52'),(79,55,'https://dropbox/vk/enim.jpeg',313439,'{\"owner\": \"Janet Shields\"}',1,'1981-08-02 16:35:36','2020-08-02 21:55:52'),(80,59,'https://dropbox/vk/molestiae.avi',867335,'{\"owner\": \"Deonte Corwin\"}',2,'1987-07-16 14:50:52','2020-08-02 21:55:52'),(81,29,'https://dropbox/vk/neque.jpeg',5681,'{\"owner\": \"Jazmyn Cronin\"}',3,'1981-12-22 11:30:13','2020-08-02 21:55:52'),(82,69,'https://dropbox/vk/voluptatibus.mpeg',94882069,'{\"owner\": \"Sharon Kautzer\"}',3,'1977-06-25 16:00:47','2020-08-02 21:55:52'),(83,57,'https://dropbox/vk/accusamus.jpeg',501770,'{\"owner\": \"Aniya Boehm\"}',1,'2013-08-22 17:14:42','2020-08-02 21:55:52'),(84,76,'https://dropbox/vk/quia.avi',896848,'{\"owner\": \"Mylene Oberbrunner\"}',2,'2016-01-09 17:57:34','2020-08-02 21:55:52'),(85,10,'https://dropbox/vk/non.png',968929,'{\"owner\": \"Neal Hegmann\"}',2,'1974-07-30 02:52:18','2020-08-02 21:55:52'),(86,19,'https://dropbox/vk/harum.jpeg',316517825,'{\"owner\": \"Tobin Sauer\"}',1,'1974-07-06 08:17:58','2020-08-02 21:55:52'),(87,67,'https://dropbox/vk/maxime.png',144104,'{\"owner\": \"Maxwell Swift\"}',2,'2017-01-06 18:56:16','2020-08-02 21:55:52'),(88,75,'https://dropbox/vk/voluptatem.mpeg',1923,'{\"owner\": \"Percival Harris\"}',1,'1975-07-14 15:00:38','2020-08-02 21:55:52'),(89,73,'https://dropbox/vk/odio.avi',208904878,'{\"owner\": \"Mona Lind\"}',1,'1980-12-08 15:22:27','2020-08-02 21:55:52'),(90,41,'https://dropbox/vk/voluptates.jpeg',803731,'{\"owner\": \"Kaitlin Koepp\"}',3,'1991-06-21 00:49:30','2020-08-02 21:55:52'),(91,87,'https://dropbox/vk/ipsam.avi',82048,'{\"owner\": \"Nicklaus Herzog\"}',2,'1997-12-21 12:29:57','2020-08-02 21:55:52'),(92,12,'https://dropbox/vk/error.png',576343,'{\"owner\": \"Grace Oberbrunner\"}',2,'2014-04-16 16:42:37','2020-08-02 21:55:52'),(93,97,'https://dropbox/vk/voluptates.jpeg',33832,'{\"owner\": \"Vincenzo Russel\"}',1,'1995-12-24 08:57:09','2020-08-02 21:55:52'),(94,51,'https://dropbox/vk/fuga.avi',73040364,'{\"owner\": \"Camilla Schoen\"}',3,'1985-10-03 01:05:54','2020-08-02 21:55:52'),(95,60,'https://dropbox/vk/vel.png',83374,'{\"owner\": \"Cristobal Kihn\"}',3,'2016-11-06 19:29:23','2020-08-02 21:55:52'),(96,48,'https://dropbox/vk/neque.png',460523,'{\"owner\": \"Caesar Hintz\"}',1,'2006-08-12 11:59:01','2020-08-02 21:55:52'),(97,58,'https://dropbox/vk/molestiae.avi',91590497,'{\"owner\": \"Nellie Rowe\"}',3,'1972-01-18 21:22:57','2020-08-02 21:55:52'),(98,49,'https://dropbox/vk/qui.avi',563586,'{\"owner\": \"Matt Keebler\"}',2,'1989-09-01 21:55:22','2020-08-02 21:55:52'),(99,67,'https://dropbox/vk/quis.png',63681,'{\"owner\": \"Maxwell Swift\"}',3,'2005-06-20 15:15:39','2020-08-02 21:55:52'),(100,89,'https://dropbox/vk/velit.mpeg',426362,'{\"owner\": \"Annetta Marvin\"}',2,'2012-08-11 05:18:43','2020-08-02 21:55:52'),(101,41,'https://dropbox/vk/dicta.avi',431052,'{\"owner\": \"Kaitlin Koepp\"}',1,'2009-07-27 18:56:21','2020-08-02 21:55:52'),(102,40,'https://dropbox/vk/dolorem.avi',69363,'{\"owner\": \"Elise Carter\"}',1,'2007-01-29 08:51:14','2020-08-02 21:55:52'),(103,75,'https://dropbox/vk/suscipit.jpeg',866173,'{\"owner\": \"Percival Harris\"}',3,'1993-11-10 08:04:04','2020-08-02 21:55:52'),(104,55,'https://dropbox/vk/sit.png',1864,'{\"owner\": \"Janet Shields\"}',3,'1985-07-31 17:52:58','2020-08-02 21:55:52'),(105,48,'https://dropbox/vk/accusamus.mpeg',8381,'{\"owner\": \"Caesar Hintz\"}',2,'2000-03-18 20:37:29','2020-08-02 21:55:52'),(106,74,'https://dropbox/vk/quia.png',484837,'{\"owner\": \"Katheryn Roob\"}',3,'2001-11-01 11:02:53','2020-08-02 21:55:52'),(107,26,'https://dropbox/vk/quia.png',77589895,'{\"owner\": \"Arnoldo Daniel\"}',3,'2004-08-18 17:56:32','2020-08-02 21:55:52'),(108,7,'https://dropbox/vk/facilis.jpeg',27712,'{\"owner\": \"Lewis Sipes\"}',3,'1974-03-16 11:48:38','2020-08-02 21:55:52'),(109,55,'https://dropbox/vk/a.mpeg',530042,'{\"owner\": \"Janet Shields\"}',3,'2005-07-14 17:29:55','2020-08-02 21:55:52'),(110,57,'https://dropbox/vk/voluptatem.mpeg',37277640,'{\"owner\": \"Aniya Boehm\"}',2,'1992-07-09 19:55:05','2020-08-02 21:55:52');
/*!40000 ALTER TABLE `media` ENABLE KEYS */;
UNLOCK TABLES;

--
-- Table structure for table `media_types`
--

DROP TABLE IF EXISTS `media_types`;
/*!40101 SET @saved_cs_client     = @@character_set_client */;
/*!50503 SET character_set_client = utf8mb4 */;
CREATE TABLE `media_types` (
  `id` int unsigned NOT NULL AUTO_INCREMENT COMMENT 'Идентификатор строки',
  `name` varchar(255) CHARACTER SET utf8 COLLATE utf8_unicode_ci NOT NULL COMMENT 'Название типа',
  `created_at` datetime DEFAULT CURRENT_TIMESTAMP COMMENT 'Время создания строки',
  PRIMARY KEY (`id`),
  UNIQUE KEY `name` (`name`)
) ENGINE=InnoDB AUTO_INCREMENT=14 DEFAULT CHARSET=utf8 COLLATE=utf8_unicode_ci COMMENT='Типы медиафайлов';
/*!40101 SET character_set_client = @saved_cs_client */;

--
-- Dumping data for table `media_types`
--

LOCK TABLES `media_types` WRITE;
/*!40000 ALTER TABLE `media_types` DISABLE KEYS */;
INSERT INTO `media_types` VALUES (1,'minima','2019-01-28 04:21:15'),(2,'doloribus','1970-10-26 07:36:04'),(3,'voluptates','2012-08-09 18:03:13'),(4,'ipsum','2004-04-14 22:24:05'),(5,'ducimus','1972-10-27 07:15:21'),(6,'voluptas','1971-11-05 19:09:02'),(7,'esse','1973-02-07 07:14:16'),(8,'ex','1998-02-27 14:35:38'),(9,'id','1996-05-20 07:48:12'),(10,'non','2016-11-01 11:25:27'),(11,'photo','2020-08-02 21:55:52'),(12,'video','2020-08-02 21:55:52'),(13,'audio','2020-08-02 21:55:52');
/*!40000 ALTER TABLE `media_types` ENABLE KEYS */;
UNLOCK TABLES;

--
-- Table structure for table `messages`
--

DROP TABLE IF EXISTS `messages`;
/*!40101 SET @saved_cs_client     = @@character_set_client */;
/*!50503 SET character_set_client = utf8mb4 */;
CREATE TABLE `messages` (
  `id` int unsigned NOT NULL AUTO_INCREMENT COMMENT 'Идентификатор строки',
  `from_user_id` int unsigned NOT NULL COMMENT 'Ссылка на отправителя сообщения',
  `to_user_id` int unsigned NOT NULL COMMENT 'Ссылка на получателя сообщения',
  `body` text CHARACTER SET utf8 COLLATE utf8_unicode_ci NOT NULL COMMENT 'Текст сообщения',
  `is_important` tinyint(1) DEFAULT NULL COMMENT 'Признак важности',
  `is_delivered` tinyint(1) DEFAULT NULL COMMENT 'Признак доставки',
  `is_modified` tinyint(1) DEFAULT NULL,
  `created_at` datetime DEFAULT CURRENT_TIMESTAMP COMMENT 'Время создания строки',
  `updated_at` datetime DEFAULT CURRENT_TIMESTAMP ON UPDATE CURRENT_TIMESTAMP COMMENT 'Время обновления строки',
  PRIMARY KEY (`id`),
  KEY `from_user_fk_idx` (`from_user_id`),
  KEY `to_user_fk_idx` (`to_user_id`),
  CONSTRAINT `messages_from_user_fk` FOREIGN KEY (`from_user_id`) REFERENCES `users` (`id`),
  CONSTRAINT `messages_from_user_id_fk` FOREIGN KEY (`from_user_id`) REFERENCES `users` (`id`),
  CONSTRAINT `messages_to_user_fk` FOREIGN KEY (`to_user_id`) REFERENCES `users` (`id`),
  CONSTRAINT `messages_to_user_id_fk` FOREIGN KEY (`to_user_id`) REFERENCES `users` (`id`)
) ENGINE=InnoDB AUTO_INCREMENT=101 DEFAULT CHARSET=utf8 COLLATE=utf8_unicode_ci COMMENT='Сообщения';
/*!40101 SET character_set_client = @saved_cs_client */;

--
-- Dumping data for table `messages`
--

LOCK TABLES `messages` WRITE;
/*!40000 ALTER TABLE `messages` DISABLE KEYS */;
INSERT INTO `messages` VALUES (1,55,42,'Minus deserunt et quidem ut. Ut impedit veniam dolorum ea voluptatem suscipit deleniti. Vel soluta rerum est quod adipisci.',1,0,NULL,'2002-03-03 21:18:13','2020-08-02 21:55:52'),(2,45,98,'Ea esse totam tempora voluptas quae quia. Eius corrupti eos dolor aut natus. Qui excepturi iste dolor libero quis.',1,0,NULL,'1993-10-12 21:31:34','2020-08-02 21:55:52'),(3,56,86,'Consectetur et soluta minus perspiciatis. Labore eveniet eveniet omnis numquam fugit pariatur.',0,1,NULL,'2017-09-03 04:15:57','2020-08-02 21:55:52'),(4,61,46,'Laboriosam explicabo ut et et voluptates sint. Vitae minima illum earum et. Officia blanditiis recusandae nostrum odit. Animi quaerat doloribus deserunt non.',0,0,NULL,'1977-06-19 11:15:43','2020-08-02 21:55:52'),(5,49,3,'Aut sint rem vel laudantium eligendi quia possimus. Omnis sunt neque hic reprehenderit molestias. Repellat praesentium tempore voluptatem blanditiis est iste sit expedita. Vitae et quo maiores voluptatum nihil.',0,1,NULL,'1987-09-21 05:29:42','2020-08-02 21:55:52'),(6,68,32,'Assumenda molestiae sapiente esse ut. Reiciendis in blanditiis veritatis ipsum ratione maxime odit non. Fugiat dolorum quam dignissimos rerum.',0,1,NULL,'1994-01-13 14:51:00','2020-08-02 21:55:52'),(7,54,74,'Nihil earum consequatur voluptatem tempora. Amet ea voluptatem saepe vero et eius et. Nulla est nulla laudantium rerum dolorem veniam aliquam ratione. Asperiores repudiandae et officiis consequatur aut voluptatem incidunt.',1,0,NULL,'2006-06-04 06:39:49','2020-08-02 21:55:52'),(8,7,12,'Fuga consequuntur et nam ratione beatae. Dolor ab temporibus praesentium. Ad facere qui voluptates sequi asperiores perspiciatis ipsa. In autem veritatis dolorem velit molestiae facilis.',1,1,NULL,'1976-07-21 02:49:05','2020-08-02 21:55:52'),(9,38,55,'Officiis rerum soluta et qui quos. Debitis qui sint harum. Numquam ullam autem vel quisquam. Aut fugiat aut nesciunt rem voluptas possimus occaecati.',0,0,NULL,'2005-03-19 20:08:44','2020-08-02 21:55:52'),(10,59,32,'Autem veniam natus quisquam numquam molestiae. Quaerat voluptatem minus nostrum placeat atque iure minima. Consequatur exercitationem commodi ullam unde neque molestiae odio. Deserunt animi aut nostrum porro qui autem.',0,0,NULL,'2017-12-18 15:41:36','2020-08-02 21:55:52'),(11,81,9,'Consequuntur natus dolor eos repellat soluta aliquam unde. Illo facilis veniam sit voluptate consectetur nobis. Rerum sit voluptas facilis omnis aperiam provident recusandae.',1,1,NULL,'1989-07-22 03:48:29','2020-08-02 21:55:52'),(12,1,78,'Ab sit qui dolorem eos incidunt. Dignissimos perferendis voluptatibus sequi. Ratione facere officia aperiam delectus.',1,0,NULL,'1980-11-13 07:54:29','2020-08-02 21:55:52'),(13,86,95,'Enim nobis voluptas nulla voluptas repudiandae eum quaerat. Laboriosam recusandae accusantium rem nobis voluptatem. Repudiandae est est soluta. Inventore dolor fugiat molestiae optio et sint.',1,0,NULL,'1993-11-03 18:59:21','2020-08-02 21:55:52'),(14,16,97,'Autem voluptatum quas consectetur. Est quasi sint non reiciendis laudantium optio rerum. Et tenetur ratione sed qui incidunt.',1,1,NULL,'2012-05-09 14:56:54','2020-08-02 21:55:52'),(15,34,78,'Minus quia aut velit perferendis. Dolores dolor ea quia suscipit omnis omnis ut. Et explicabo vitae qui libero. Explicabo dolor tenetur ea iure nostrum similique.',0,1,NULL,'2019-05-19 16:10:06','2020-08-02 21:55:52'),(16,88,4,'Aspernatur repudiandae eius sit sed. Sit ex qui blanditiis aliquid. Alias blanditiis eum aut ratione voluptas velit eos. Ratione consequatur quis excepturi libero.',1,0,NULL,'2006-06-13 20:20:43','2020-08-02 21:55:52'),(17,58,77,'Architecto officiis voluptas dolorem et sint corrupti aperiam. Consequuntur aut illum modi voluptatem. Repellat aut quasi quia est quas vitae.',0,1,NULL,'2014-04-09 07:47:31','2020-08-02 21:55:52'),(18,10,18,'Quaerat voluptas deleniti nobis. Possimus quaerat et suscipit alias totam facilis tempora.',0,1,NULL,'1972-10-25 09:20:20','2020-08-02 21:55:52'),(19,60,45,'Eveniet id fugiat vel et voluptate molestias. Asperiores hic doloremque mollitia quas.',0,1,NULL,'1986-11-07 09:30:29','2020-08-02 21:55:52'),(20,45,88,'Incidunt aut vero voluptates quo labore labore ut. Nam voluptate adipisci aut omnis dicta. Consequatur laborum qui ducimus sint error alias maxime. Omnis nam quia qui ducimus.',1,0,NULL,'2017-01-03 12:44:26','2020-08-02 21:55:52'),(21,7,71,'Qui et eligendi voluptatem doloremque omnis aut ullam dolorem. Optio architecto dicta dignissimos aut tempore repudiandae soluta. Consectetur dolore fuga consequatur aut est sapiente. Nihil magnam voluptatem aut eligendi accusamus neque.',0,1,NULL,'2012-02-06 06:15:40','2020-08-02 21:55:52'),(22,31,44,'Ut commodi quos rerum voluptatem rerum. Officia et cupiditate alias similique perferendis facere possimus. Doloribus tempore voluptatem reprehenderit repellat. Omnis cum at ullam optio voluptates.',1,0,NULL,'2003-08-09 16:40:57','2020-08-02 21:55:52'),(23,25,94,'Autem rerum optio qui doloremque aut. Exercitationem aliquam est similique minus qui. Delectus est mollitia suscipit est consequatur quidem.',0,1,NULL,'2007-06-15 08:48:32','2020-08-02 21:55:52'),(24,94,89,'Aut fugiat aliquam quibusdam iste. Quis porro odit sit porro voluptas sint. Eum ad ut nulla laboriosam omnis. Pariatur in fuga qui harum voluptatem.',1,0,NULL,'1988-12-20 16:38:28','2020-08-02 21:55:52'),(25,62,41,'Aliquid voluptate voluptatem repellat voluptatum ut. Occaecati debitis et cumque soluta modi molestiae suscipit. Deserunt eum dolores voluptatem.',1,1,NULL,'1982-11-15 02:38:03','2020-08-02 21:55:52'),(26,21,82,'Sit ea facilis eaque voluptatem eos. Voluptatibus voluptatibus recusandae vel et et et possimus. Pariatur tempora facere tempore ducimus omnis laboriosam sapiente. Delectus optio delectus sapiente voluptate est hic.',1,0,NULL,'1988-07-25 16:41:26','2020-08-02 21:55:52'),(27,43,71,'Cumque rerum id iusto veritatis. Quaerat at dignissimos velit in. Excepturi odio sed voluptatem animi eligendi fugit.',1,0,NULL,'1995-12-11 11:32:59','2020-08-02 21:55:52'),(28,25,13,'Officiis animi qui exercitationem necessitatibus aperiam quisquam sed aut. Voluptatem nostrum esse quod nobis quaerat.',1,0,NULL,'1978-06-06 00:53:21','2020-08-02 21:55:52'),(29,87,96,'Vel non distinctio eos sit dolor et aliquid. Velit quisquam non quae sed et rerum. Quia numquam doloremque facilis deleniti fugiat et.',0,0,NULL,'1982-02-02 22:22:30','2020-08-02 21:55:52'),(30,20,9,'Placeat nemo illo ut non. Quos dolores fugiat corrupti possimus suscipit dolorem dolorem. Non quis autem deleniti eos officiis. Eius asperiores expedita sed ipsam iusto ut quia.',0,1,NULL,'1985-10-18 10:26:11','2020-08-02 21:55:52'),(31,87,7,'Perspiciatis autem error deleniti. Architecto eum consequatur repellendus cum et sint. Eum esse qui asperiores impedit occaecati magnam quaerat officiis.',0,0,NULL,'1992-10-28 07:12:53','2020-08-02 21:55:52'),(32,72,38,'Dolore tempore velit eveniet ut non molestiae autem. Quo neque consequatur quo quo perferendis quo dolorem. Iure et voluptate qui qui in nisi magni. Molestiae eos eos ut autem maiores. Provident perferendis laboriosam at distinctio explicabo ea voluptas.',1,0,NULL,'2015-02-28 13:47:55','2020-08-02 21:55:52'),(33,75,60,'Quo molestias rerum tempora voluptatibus non aliquam. Quis explicabo est dicta ea et. Sit architecto earum doloribus.',0,0,NULL,'2017-12-18 20:16:37','2020-08-02 21:55:52'),(34,73,87,'Aperiam maxime maiores quia laboriosam. Eligendi ipsa perspiciatis et rerum. Quia libero fugiat assumenda. Ipsa ipsa sapiente facere dolor. In qui laudantium quaerat et rem harum.',1,1,NULL,'1982-08-22 06:04:29','2020-08-02 21:55:52'),(35,16,17,'Ut sint non dignissimos expedita voluptatem minima pariatur. Provident eveniet voluptatibus voluptas in animi eveniet iure. Aspernatur hic corrupti itaque ut saepe vero.',0,1,NULL,'1994-09-12 14:31:44','2020-08-02 21:55:52'),(36,39,41,'Vel nihil aut reprehenderit aut rerum laudantium illum. Sint pariatur molestiae voluptatibus quas aperiam dolor dolorem dolorem. Temporibus cupiditate ea rerum sunt earum.',1,1,NULL,'1974-01-15 13:18:39','2020-08-02 21:55:52'),(37,90,24,'Magni optio est recusandae qui aut distinctio. Sequi explicabo beatae qui est beatae. Incidunt ab mollitia reprehenderit fugit et soluta. Architecto consequuntur blanditiis consequatur dolores ratione assumenda dolores. Nostrum repellat cum consectetur quibusdam.',0,0,NULL,'1971-06-15 04:51:21','2020-08-02 21:55:52'),(38,50,78,'Natus voluptatibus dolorem sunt molestiae vitae consequatur ipsum. Ipsam omnis aut et iure nesciunt ut. Sit commodi et aut at at. Iste reiciendis nostrum saepe a quia est voluptatibus.',1,0,NULL,'1982-07-05 23:00:33','2020-08-02 21:55:52'),(39,41,71,'Aut ut harum quisquam similique eos recusandae earum. Accusamus suscipit voluptates aliquid molestiae beatae explicabo. Velit assumenda voluptatem quasi sed ad. Quis ipsam autem et voluptas provident molestiae ad.',0,0,NULL,'1970-08-25 16:33:16','2020-08-02 21:55:52'),(40,30,36,'Odit et quia dignissimos impedit. Itaque sequi temporibus itaque quia reiciendis. Quasi nostrum beatae quia. Dolorem quaerat voluptate minima quasi.',1,1,NULL,'2014-09-23 02:18:18','2020-08-02 21:55:52'),(41,92,49,'Asperiores autem eveniet non natus a aspernatur. Quo ea doloribus omnis dolorem debitis. Laudantium praesentium incidunt qui nisi maiores est.',1,0,NULL,'1997-03-13 10:29:53','2020-08-02 21:55:52'),(42,71,5,'Cupiditate quia sit nostrum rerum laboriosam repellat. Id amet vero tempora omnis facilis. Placeat molestiae sed debitis fuga. In qui tenetur repudiandae vero similique nobis debitis.',1,0,NULL,'1976-09-05 06:28:50','2020-08-02 21:55:52'),(43,14,55,'Sint et quo ut saepe voluptatum. Doloribus quam ab repellendus fugit voluptatem et. Asperiores est quisquam esse molestias qui. Numquam vel et quo mollitia.',1,0,NULL,'2000-12-31 07:35:16','2020-08-02 21:55:52'),(44,32,94,'Aut deserunt quae eligendi provident. Eveniet nulla voluptatem molestias ut dignissimos. Dolore delectus architecto autem aut. Nulla eius ut possimus id voluptas eaque minima iure.',1,1,NULL,'1999-05-01 02:08:06','2020-08-02 21:55:52'),(45,74,86,'Magnam natus quia et iste excepturi rerum. Nobis et facilis itaque. Beatae inventore fuga nesciunt nihil.',0,1,NULL,'1986-01-27 08:37:39','2020-08-02 21:55:52'),(46,9,85,'Odit itaque hic qui dolores perferendis ratione. Rerum qui incidunt totam. Dolores laboriosam deserunt dolorem consequatur qui et. Ea quia doloremque consectetur consequatur et nihil hic.',0,1,NULL,'1979-11-16 20:32:27','2020-08-02 21:55:52'),(47,99,39,'Et occaecati enim repellat non temporibus. Quo molestiae sequi libero fuga provident quasi. Velit sed iste sed maxime sit enim qui. A quia non voluptatem voluptatum.',1,1,NULL,'1998-12-04 10:52:58','2020-08-02 21:55:52'),(48,97,70,'Tenetur odit laudantium quae rem aspernatur qui. Et et sapiente delectus itaque et enim ullam. Et cum quae voluptatem vel quisquam non.',1,0,NULL,'2015-11-03 21:07:25','2020-08-02 21:55:52'),(49,57,74,'Vitae vel omnis soluta et illo asperiores est. In est fuga vero minima et voluptatem nulla. Cum atque corporis et quaerat eum facilis consequatur. Enim omnis voluptate enim aspernatur qui repudiandae nihil.',0,1,NULL,'1971-08-12 10:00:05','2020-08-02 21:55:52'),(50,97,64,'Laborum sit pariatur alias occaecati veritatis id cumque. Qui molestiae architecto blanditiis et eos. Ea magni unde enim autem. Voluptatibus mollitia asperiores doloribus in.',1,0,NULL,'2016-11-30 11:36:27','2020-08-02 21:55:52'),(51,29,51,'Placeat voluptas quasi sed quo dolor id cum. Animi quod eum excepturi voluptatibus totam officia ad. Sed voluptatem recusandae sunt quos. Et consequatur unde sapiente non tenetur. Illum mollitia esse sint aperiam rem cumque eos qui.',1,1,NULL,'2003-05-20 13:35:04','2020-08-02 21:55:52'),(52,69,91,'Quisquam tempora rerum sed ab ex error itaque. Minima velit voluptatum aut. Exercitationem necessitatibus sed illum repellat. Alias omnis et odit vero qui et omnis.',1,0,NULL,'2007-03-27 06:03:24','2020-08-02 21:55:52'),(53,45,55,'Vel aut et nesciunt. Fugit enim quo beatae qui voluptatem doloremque modi. Autem sit sit dolor possimus voluptatem. Nemo accusantium dolor ut eos.',0,1,NULL,'1998-07-18 22:08:09','2020-08-02 21:55:52'),(54,39,27,'Quia omnis beatae est suscipit est. Labore vel asperiores ratione autem voluptatum qui ea. Quam in voluptatum consequatur magni ratione enim. Nesciunt qui aut cupiditate enim sint quia.',1,0,NULL,'1973-07-23 22:12:33','2020-08-02 21:55:52'),(55,21,22,'Cumque omnis error qui. Id aut odit non reprehenderit et. Sed illum ut sed molestiae soluta. Pariatur voluptatibus odio est et nihil quidem.',1,1,NULL,'2013-01-16 17:09:36','2020-08-02 21:55:52'),(56,45,60,'Quia occaecati ad voluptate. Ea asperiores dolorem error aperiam sunt. Est ut commodi et eaque nisi sapiente illo.',1,1,NULL,'2016-01-04 14:26:39','2020-08-02 21:55:52'),(57,66,50,'Aliquam enim incidunt cum voluptas quisquam. Pariatur velit magni repudiandae eaque optio. Aperiam a voluptate harum voluptates corrupti quos. Cupiditate eos ipsa quia et. Ullam aut et excepturi qui in.',1,1,NULL,'1973-01-13 06:57:06','2020-08-02 21:55:52'),(58,48,93,'Quod nemo facere temporibus perspiciatis. Dolorum qui facilis sit quos similique voluptates aut. Esse quidem consequuntur eligendi et in. Earum cumque nobis cumque architecto vero. Rerum voluptatem dignissimos vel magnam et nobis ea.',1,1,NULL,'1992-07-08 21:59:57','2020-08-02 21:55:52'),(59,17,9,'Magni expedita et aut exercitationem. Voluptas fuga facere eligendi tempora voluptatem eum reiciendis. Fugiat accusantium aspernatur asperiores quae et. Sunt dolor veritatis voluptatum quasi.',1,1,NULL,'2002-07-09 05:54:02','2020-08-02 21:55:52'),(60,91,30,'Perferendis perspiciatis consequuntur eum. Ipsum voluptatum non cum harum. Eaque dolorum qui perspiciatis consequatur molestiae numquam. Distinctio voluptatem sunt cum et ipsam facilis cum.',1,0,NULL,'2008-08-05 21:16:12','2020-08-02 21:55:52'),(61,74,82,'Et illum excepturi vel aliquam est veritatis. Dolorem sit autem ad earum hic eos. Nihil doloremque architecto sunt laboriosam debitis quod molestiae.',1,0,NULL,'1990-03-18 07:03:06','2020-08-02 21:55:52'),(62,86,82,'Quisquam et sed ut ipsam odio. At quo fugiat neque laudantium voluptas tenetur aspernatur alias. Quo non ratione sed nam.',0,1,NULL,'2015-05-19 19:09:43','2020-08-02 21:55:52'),(63,55,25,'Culpa perspiciatis quo at nulla itaque voluptates ut quo. Consequatur omnis velit occaecati voluptas quo enim nobis. Et magnam nihil cumque ex quis et perspiciatis debitis. Et molestiae quia perferendis odit.',1,0,NULL,'1989-04-04 22:00:06','2020-08-02 21:55:52'),(64,60,27,'Quibusdam voluptate est ullam debitis sint rerum cupiditate. Vel quod consequuntur quod quae voluptatem impedit. Iusto quo sit eos rerum eos soluta cum. Saepe recusandae totam facilis qui delectus sint adipisci.',1,0,NULL,'2019-09-14 17:03:20','2020-08-02 21:55:52'),(65,53,83,'Fugiat eius blanditiis sit sint. Quis eveniet dicta sit rerum. Quam itaque et commodi atque saepe consequatur repudiandae. Incidunt praesentium quia molestiae facere odio velit est modi.',1,0,NULL,'1976-04-10 17:59:36','2020-08-02 21:55:52'),(66,55,27,'Placeat vero eum quis maiores sed. Voluptatum quae velit quia minima illo. Ut cumque ipsum et delectus et.',0,0,NULL,'2016-08-26 08:06:03','2020-08-02 21:55:52'),(67,69,63,'Eum cumque quis officiis minima. Quae voluptas rerum et non. In harum delectus alias aut culpa. Vel dolor accusamus sint et.',1,1,NULL,'2000-04-18 00:48:20','2020-08-02 21:55:52'),(68,8,50,'Repellat voluptates est labore reprehenderit et. Esse ipsam vel aut aut porro. Ea sit optio nam eos.',1,1,NULL,'1989-07-12 03:24:57','2020-08-02 21:55:52'),(69,27,84,'Fugiat quo ut nobis et quos delectus dolorem consectetur. Soluta inventore commodi consequatur labore qui modi. Mollitia explicabo inventore mollitia.',0,0,NULL,'2010-05-13 13:05:56','2020-08-02 21:55:52'),(70,37,35,'Inventore eos quod ea. Quia aut laboriosam est quos sint. Esse architecto amet rem ut iure explicabo odit. Velit minus modi voluptatem modi sequi necessitatibus.',0,1,NULL,'2017-02-08 16:23:09','2020-08-02 21:55:52'),(71,64,14,'Aspernatur autem non earum magni qui. Ut sit reprehenderit hic sit consequatur asperiores libero. Officiis magnam eum nihil magni.',1,1,NULL,'1989-01-18 16:27:27','2020-08-02 21:55:52'),(72,77,43,'Ut maxime aliquam veniam perspiciatis illo ullam. Non sed velit aperiam quam. Nesciunt voluptatem esse omnis iste in assumenda. Quia minus est rerum aut.',0,1,NULL,'2005-01-31 07:17:05','2020-08-02 21:55:52'),(73,81,77,'Qui eaque est odio ipsa. Dolorem sunt eligendi dignissimos facere. Enim commodi accusamus iste. Fugit corrupti praesentium consequuntur dignissimos aliquid vel itaque dolorum.',1,0,NULL,'1991-12-28 21:25:11','2020-08-02 21:55:52'),(74,43,84,'Distinctio et est quis atque voluptas mollitia. Architecto itaque est officia sit enim nemo. Repellat quisquam fugiat sunt dolor vero. Excepturi quod sed ut cumque.',1,0,NULL,'1983-04-26 05:30:34','2020-08-02 21:55:52'),(75,90,97,'Tempore et laudantium recusandae id. Autem optio aut aut tempora minus. Aut consectetur fuga voluptates molestiae aperiam ab tempore harum.',1,0,NULL,'2017-08-01 16:35:00','2020-08-02 21:55:52'),(76,14,80,'Quam dolor accusantium aliquam ea rerum cum. Consequuntur soluta laudantium molestiae quae. Voluptatibus doloribus quod reiciendis.',1,1,NULL,'1991-01-20 10:51:04','2020-08-02 21:55:52'),(77,55,37,'Tempora provident nisi dolores saepe autem temporibus quam. Officia doloribus illo dolor et est qui quod. Laudantium sint vitae consequuntur necessitatibus fugit et.',1,0,NULL,'1976-12-31 12:08:57','2020-08-02 21:55:52'),(78,18,77,'Sint expedita soluta magnam similique quos repellat ducimus. Exercitationem alias corporis quae corrupti asperiores magni amet tenetur. Voluptates sed maxime voluptatem laudantium occaecati quod quia perferendis. Cupiditate sed rerum ut est sunt.',1,1,NULL,'1973-04-27 20:51:06','2020-08-02 21:55:52'),(79,33,34,'Voluptas fugiat iste ullam esse. Deserunt sed fugit modi eius dolorem. Doloremque incidunt repellendus praesentium placeat et aut. Non dolor dolore veniam cupiditate qui temporibus. Ex vero dignissimos est consequuntur.',1,1,NULL,'1971-10-04 12:50:08','2020-08-02 21:55:52'),(80,70,45,'Asperiores inventore in accusantium. Repudiandae voluptates ullam numquam qui. Eveniet nobis labore ipsum quaerat voluptas nam.',1,0,NULL,'2000-08-28 17:47:33','2020-08-02 21:55:52'),(81,17,49,'Corporis ratione ratione quod officiis temporibus. Ut quaerat eum aliquid nisi. Quae nam neque deserunt.',0,0,NULL,'2019-11-19 08:04:03','2020-08-02 21:55:52'),(82,95,25,'Aliquam est deleniti ut necessitatibus id temporibus. Laboriosam sit incidunt quod tenetur perspiciatis numquam fuga. Accusamus quisquam voluptas id deserunt. Dolorem dolore alias aut adipisci temporibus.',1,0,NULL,'1992-08-20 05:59:44','2020-08-02 21:55:52'),(83,42,35,'Itaque facere reprehenderit eaque ut quam vero ut. Veniam doloremque numquam nam in. Perferendis culpa in est quis. Sit id quo iure.',1,0,NULL,'1990-05-30 07:30:39','2020-08-02 21:55:52'),(84,48,32,'Natus odit inventore nesciunt doloremque consequuntur earum aut. Voluptates et consequatur eaque et. Cum eaque voluptatum similique iure.',1,1,NULL,'1977-04-08 18:41:46','2020-08-02 21:55:52'),(85,18,93,'Et iste iste dolorem non officiis et voluptates reiciendis. Rerum hic accusantium esse quia.',1,0,NULL,'2007-03-27 18:53:43','2020-08-02 21:55:52'),(86,10,71,'Suscipit voluptatem ut architecto facilis vel. Ex ab placeat sequi facere tempore quod. Recusandae veniam harum quidem voluptates reiciendis.',1,1,NULL,'1991-04-08 11:39:48','2020-08-02 21:55:52'),(87,24,5,'Exercitationem quis libero consequatur reiciendis. Facere reprehenderit quas quisquam qui. Occaecati nesciunt pariatur facere iusto qui fugiat.',1,0,NULL,'1974-02-15 06:33:52','2020-08-02 21:55:52'),(88,53,52,'Deserunt dignissimos totam iste rem occaecati hic non. Quia repellat qui impedit dolorum sit voluptas. Beatae ducimus occaecati et ut non quam sit nesciunt. Et eaque odio modi labore vitae occaecati temporibus.',1,1,NULL,'1970-04-20 09:35:43','2020-08-02 21:55:52'),(89,97,31,'Et consequatur dolor ut voluptatem dolores dolorum aperiam. Provident quis facilis rerum sed optio iste. Unde temporibus unde atque fuga vero dicta. Qui consequatur illum iste minima voluptate.',0,1,NULL,'1991-06-12 14:04:57','2020-08-02 21:55:52'),(90,64,24,'Natus quia ab explicabo possimus voluptas porro. Placeat aut debitis quidem. Et eum sapiente repellat est quaerat rerum.',0,0,NULL,'1991-06-19 17:29:13','2020-08-02 21:55:52'),(91,30,75,'Ad officia consequuntur nisi nobis. Et consectetur deleniti amet quas non. At porro vitae dolore quo voluptatem ut explicabo. Est aspernatur incidunt quasi ut placeat eius dicta pariatur.',1,0,NULL,'2013-07-30 09:20:50','2020-08-02 21:55:52'),(92,86,5,'Earum praesentium suscipit soluta. Error molestias aperiam tenetur culpa sint. Fuga voluptas explicabo recusandae dolore. Ut reiciendis minus accusamus ipsum quasi eveniet.',0,1,NULL,'1980-09-12 13:57:28','2020-08-02 21:55:52'),(93,65,10,'Quam harum sed amet unde. Ut repellat reiciendis hic esse reprehenderit nulla nihil. Rerum ea animi explicabo veniam dolores incidunt ad sint. Ea provident error veniam expedita.',1,1,NULL,'2003-08-21 16:48:35','2020-08-02 21:55:52'),(94,55,46,'Numquam nihil natus cumque dolor tempora nisi earum. Dolores dolor et et et aut sed facere. Consequatur alias repudiandae dolor molestias illo doloremque. Quasi minima neque facilis illum consequatur.',1,1,NULL,'1983-09-19 02:39:31','2020-08-02 21:55:52'),(95,64,82,'Libero reprehenderit quia adipisci magni. Qui cupiditate esse qui nesciunt. Blanditiis maxime excepturi reiciendis praesentium consequuntur qui architecto.',0,1,NULL,'2011-06-06 11:21:54','2020-08-02 21:55:52'),(96,15,31,'Eos harum voluptas ut rerum aut eos et. Harum explicabo placeat harum hic quia. Dolore odit illum laudantium non.',1,0,NULL,'2000-12-12 18:15:05','2020-08-02 21:55:52'),(97,9,49,'Labore ut et magnam beatae amet repudiandae. Deserunt id nihil perspiciatis sed iste minus architecto perferendis. Rerum dolore dolores harum eveniet nisi qui libero.',0,0,NULL,'2007-06-15 02:55:06','2020-08-02 21:55:52'),(98,21,55,'Est laborum commodi quod. Numquam quia architecto itaque voluptas. Dolorum exercitationem rem consequatur error. At eligendi voluptas possimus adipisci.',0,0,NULL,'2010-06-24 16:56:36','2020-08-02 21:55:52'),(99,13,97,'Pariatur alias error enim. Necessitatibus non aut et error dolores dolor eligendi. Molestiae eligendi omnis dolore eveniet non consequatur. Alias est eum consequuntur et tenetur quia nesciunt.',1,1,NULL,'1972-11-10 23:49:46','2020-08-02 21:55:52'),(100,47,43,'Eveniet minus est impedit quis. Quos facilis reiciendis cum accusantium illo. Illum est quam illo voluptatibus sit autem non repellat. Temporibus fugiat sit perspiciatis.',1,1,NULL,'2006-02-28 03:00:03','2020-08-02 21:55:52');
/*!40000 ALTER TABLE `messages` ENABLE KEYS */;
UNLOCK TABLES;

--
-- Table structure for table `posts`
--

DROP TABLE IF EXISTS `posts`;
/*!40101 SET @saved_cs_client     = @@character_set_client */;
/*!50503 SET character_set_client = utf8mb4 */;
CREATE TABLE `posts` (
  `id` int unsigned NOT NULL AUTO_INCREMENT,
  `user_id` int unsigned NOT NULL,
  `community_id` int unsigned DEFAULT NULL,
  `head` varchar(255) CHARACTER SET utf8 COLLATE utf8_unicode_ci DEFAULT NULL,
  `body` text CHARACTER SET utf8 COLLATE utf8_unicode_ci NOT NULL,
  `media_id` int unsigned DEFAULT NULL,
  `is_public` tinyint(1) DEFAULT '1',
  `is_archived` tinyint(1) DEFAULT '0',
  `views_counter` int unsigned DEFAULT '0',
  `created_at` datetime DEFAULT CURRENT_TIMESTAMP,
  `updated_at` datetime DEFAULT CURRENT_TIMESTAMP ON UPDATE CURRENT_TIMESTAMP,
  PRIMARY KEY (`id`)
) ENGINE=InnoDB AUTO_INCREMENT=111 DEFAULT CHARSET=utf8 COLLATE=utf8_unicode_ci;
/*!40101 SET character_set_client = @saved_cs_client */;

--
-- Dumping data for table `posts`
--

LOCK TABLES `posts` WRITE;
/*!40000 ALTER TABLE `posts` DISABLE KEYS */;
INSERT INTO `posts` VALUES (1,45,79,'Neque qui pariatur amet vel porro maxime. Voluptas rerum iste officia facere. Perspiciatis illum tempora eum beatae quisquam asperiores ea.','Earum in rerum optio error aliquam et. Nemo eaque ratione eaque commodi in voluptatem. Laudantium velit omnis harum odio. Sequi qui dignissimos quidem doloremque sed. Et eos veritatis cum. Dolores in deserunt vel voluptatum. Error voluptatem quibusdam aut error omnis autem et dolorem. Enim aut at accusantium. Illum tenetur necessitatibus vitae eius eveniet fugit ut.',95,0,1,1,'2004-01-16 15:04:06','2017-05-22 14:49:30'),(2,30,103,'Recusandae ipsam sit quasi nam accusamus consequatur. Omnis eligendi omnis ut at velit. Veniam odio ad quo. Neque nemo ipsum quia eligendi qui.','Sint expedita culpa et consectetur nihil asperiores. Harum voluptatem odit soluta aut voluptatem aut. Expedita accusantium voluptas nisi. Voluptatibus aut cumque porro voluptatum distinctio. Quia placeat ea itaque. Ad veritatis excepturi ea blanditiis. Aspernatur dolores est odio. Enim reiciendis et aut nemo. Velit exercitationem culpa enim omnis blanditiis accusamus qui.',16,1,0,20,'1975-02-17 18:25:16','1995-11-27 15:07:12'),(3,38,40,'Rerum et iure non voluptatem ea tenetur. Explicabo reprehenderit quos maxime quaerat accusamus voluptate cumque. Et ex ut consequatur impedit est.','Ut adipisci totam est illo ut qui sed. Ipsa earum explicabo explicabo ipsum. Fugit autem quasi et. Iusto itaque eos voluptatem velit accusantium fugit assumenda. Repellendus quaerat molestiae molestiae ut quia quidem error ut. Culpa rerum ad beatae. Qui natus porro facilis assumenda. Facere qui provident quo voluptas ut pariatur. Quae reprehenderit et quos aut. Sit commodi officia praesentium.',102,0,0,63,'2007-10-05 00:58:44','1988-04-20 06:41:16'),(4,84,85,'Nisi qui necessitatibus id rerum. Non ut cupiditate molestiae.','Suscipit optio quos consequatur voluptatibus corporis impedit qui. Asperiores tempora dolorum suscipit dicta officiis. Enim tenetur eum accusantium sint officia quae. Iusto et amet ut eius odit. Voluptates facere non sed. Sed voluptatem voluptas sit veritatis ut ut deleniti a. Perferendis atque et vitae et et rem reprehenderit. Qui ullam ipsa aut doloremque a incidunt ducimus. Harum voluptatem modi et officiis.',101,1,1,72,'2013-04-18 14:05:23','1997-08-12 01:47:43'),(5,27,65,'Aspernatur est sed exercitationem aut reprehenderit dolor. Ut qui nihil et esse et exercitationem eum. Quia voluptatem nihil voluptate dicta.','Corporis eaque provident rerum et ad iure. Ipsum velit est molestiae excepturi nihil exercitationem. Unde corporis suscipit et amet quia. Est eveniet ut magnam neque rerum. Autem quo est consequatur tempore eligendi ipsa nam. Ad ducimus dolor soluta in. Suscipit sed neque est. Nisi sed rerum ipsum.',100,0,1,33,'2007-06-07 13:02:41','2004-07-30 20:37:10'),(6,11,36,'Sit enim accusantium sapiente animi sit praesentium voluptatem culpa. Totam accusamus ea fuga quisquam et aut. Officiis nulla fugiat voluptatem. Doloribus libero qui suscipit et.','Minima aut ut illo voluptatem temporibus saepe distinctio blanditiis. Unde quia odit aut eum laudantium excepturi pariatur unde. Quaerat quia voluptates est harum. Nostrum asperiores quaerat voluptatem aut est qui. Recusandae aut rem ab consequatur ipsa quas ipsam. Provident aut dolores sint voluptate deleniti. Perferendis odit dicta laboriosam rem. Et quae quae eligendi molestias error aut quos et. Voluptas adipisci optio nemo nisi et dolorem expedita. Cupiditate iste dicta nemo repellat. Expedita tenetur sit iusto natus incidunt rerum. Magnam quo quia sunt consequatur. Quia harum possimus ducimus sit. Rem commodi voluptatem numquam aut.',85,1,0,23,'1983-12-18 12:43:56','1997-10-25 20:31:14'),(7,101,99,'In voluptas sed sequi id numquam eius. Voluptas quas et libero quo quo omnis. Ullam voluptas praesentium fugiat suscipit adipisci.','Quas quia modi nam non. Aut sint qui rerum voluptatem et ut ipsam. Soluta iure magni ipsam. Animi voluptate impedit quia quo. Sequi nesciunt doloremque nisi doloremque aut velit. Non qui modi quod at labore. Qui aut at possimus sit quasi. Explicabo nam magni fuga et sed. Quod sint omnis minus dolores qui cupiditate ratione eum. Eveniet sed aut velit eaque amet labore. Perspiciatis culpa inventore quod ab laboriosam excepturi. Laboriosam iure ut alias aut quae molestiae enim vitae.',97,1,1,87,'2011-09-24 14:56:08','1978-12-06 16:59:17'),(8,8,20,'Nemo harum quia quasi et. Iusto numquam repellat sed non quos sed quos. Labore itaque aut aliquam labore aut eveniet. Esse quia et et.','Cumque omnis atque alias ut quidem dolores voluptate. Minima rerum ad enim repudiandae aut. Id et voluptas omnis veritatis omnis quia. Corporis id voluptatibus sit nam. Exercitationem enim accusantium ipsum nesciunt odit nam. Esse hic omnis deserunt ea facilis. Id similique dolores sit autem.',9,0,0,83,'2016-12-19 09:04:48','2007-03-31 16:53:18'),(9,88,107,'Id consequatur dolor est. Illo nesciunt et dolorem fugiat voluptas iure. Laborum qui dolorum sint consequatur quae voluptas. Corrupti qui facilis eum ad perferendis vel vel.','Et rem quia et. Mollitia est exercitationem et. Perferendis corporis rem tempora impedit iste. Aperiam et rem qui nemo non corrupti molestiae qui. Sequi fuga officia rerum ullam soluta et alias. Tempore sapiente non porro ut illum. Velit mollitia quas adipisci autem. Tenetur sint accusantium dolor earum. Velit in ducimus molestiae at est. Veritatis adipisci porro animi earum. Voluptas non hic quo ipsa quos. Perspiciatis illum adipisci numquam modi quis. Facere dolorem commodi occaecati. Voluptas a vitae quia exercitationem repudiandae fugiat.',48,0,0,56,'1992-10-29 10:08:30','1997-12-14 08:00:41'),(10,47,9,'Qui odio amet explicabo ut et vero ut. Nihil culpa hic quia aliquid earum illum. Omnis sed eius ut temporibus ipsum molestiae exercitationem.','Officiis eveniet autem ea accusantium. Repellat quos facilis eos. Magnam asperiores ut dolores voluptas libero blanditiis occaecati. Blanditiis ullam odio reiciendis eos ex iste. Sequi sequi officia praesentium optio. Nesciunt necessitatibus deleniti neque et. Unde iusto molestias aut inventore voluptate ducimus. Dolore ut eos sit magnam. Quia porro aspernatur veniam deserunt.',105,1,0,52,'2017-04-27 03:46:47','1987-08-29 07:16:43'),(11,85,100,'Dolor qui quasi aspernatur. Quia dolores ea excepturi quam architecto eum. Suscipit et et sed architecto deleniti. Nam id repudiandae error minus.','Vitae sunt deleniti ad porro itaque eveniet aliquam. Esse quisquam ut hic illum nesciunt maxime soluta. Nobis et ut qui et. Quis quas consectetur nihil quis et numquam. Autem minus qui quia dolor quo enim. Mollitia ea veritatis cupiditate tempore explicabo odio nesciunt. Rerum dolor non voluptatem vero neque autem doloribus. Consequatur illo et quam quos. Tenetur quo et voluptatem adipisci. Error enim nihil qui officia. Nihil eos sit praesentium illo cum.',102,1,1,54,'1983-08-13 10:50:41','1978-10-12 06:08:20'),(12,67,49,'Dolor ratione est et facere odit totam qui. Aut quam dignissimos aut ut sunt aspernatur at. Voluptas temporibus consequatur temporibus totam.','Dolores ut ipsam quia amet id alias consequuntur quia. Rerum fugiat perferendis aspernatur hic itaque aut. In repellat officia nisi et beatae. Unde nulla et nobis labore corporis aspernatur. Expedita reprehenderit enim magnam qui. Hic ratione voluptatem est corporis accusantium est. Ut consequatur assumenda et molestiae rerum odit exercitationem.',65,0,0,97,'1995-12-25 07:31:20','1999-12-18 23:55:57'),(13,28,43,'Nam aut et optio in voluptatem sed. A libero tempore in quia. Qui placeat modi quidem repellat vel perferendis. Blanditiis ut eum ut accusamus quod architecto.','Error consequatur necessitatibus sed excepturi rerum blanditiis consequatur vel. Est vero vel esse molestias. Consequatur voluptatem nam cupiditate ex cumque. In provident optio tempore perferendis deserunt a. Sunt dolorum aut ullam asperiores deserunt. Porro blanditiis sunt et neque in. A omnis maxime quidem ut sit. Veritatis exercitationem distinctio qui consequatur ab nihil perferendis. Dolor assumenda tempora beatae dicta fugit impedit soluta. Delectus commodi quos blanditiis aperiam iste rerum ut. Provident molestias ab et recusandae iste reiciendis. Dolore maiores autem placeat et unde.',91,1,1,57,'2014-12-13 16:19:04','1995-09-12 22:16:28'),(14,27,20,'Explicabo in alias natus laudantium saepe. Possimus non neque omnis sint voluptas est. Iste corporis suscipit molestias quia accusamus. Nostrum repellendus et blanditiis corrupti.','Eum velit dolorem qui aut et voluptatem corrupti dolore. Modi omnis saepe temporibus tempora veritatis sit. Sequi aut suscipit quaerat consequatur. Minima nobis blanditiis omnis consequatur nostrum et sint. Eius eum repudiandae dolorum et voluptas saepe. Sequi ut impedit quis voluptates. Enim fugit voluptas quos quis dolorum corporis quaerat quia. Fugiat consequuntur velit repudiandae est commodi. Enim excepturi animi velit similique vel voluptas accusamus eligendi. Temporibus commodi minima architecto recusandae. Odio beatae praesentium consequuntur omnis et quam.',14,0,0,70,'2005-07-20 07:58:36','2007-06-22 16:45:22'),(15,50,90,'Sint iure quo repellendus non sed sed. Sint est minus est occaecati dignissimos non commodi. Accusantium quis veritatis consequuntur libero aut repudiandae natus.','Est nihil maiores rerum eius. Esse et commodi itaque dicta tempore excepturi inventore. Quam sed quis et cumque officia aut quod. Nihil omnis quia id et ea molestias velit. Autem architecto mollitia est eveniet dolores. Error fugit ut cum quaerat quibusdam quis. Vitae enim pariatur quam repellendus et et nobis. Voluptas sint aut tempora voluptas. Explicabo sunt voluptatibus vel qui. Temporibus provident a molestias aspernatur. Quia quaerat temporibus aut ut ipsa rem aut. Voluptatem voluptas ipsa laboriosam dignissimos.',5,1,1,82,'1980-02-08 00:47:47','1992-02-01 18:50:28'),(16,1,32,'Quia et est rerum. Sint a esse fugiat repellendus et. Qui earum quidem voluptas error. Consequatur nihil harum qui sint ea exercitationem.','Enim eos ut nesciunt nulla aut expedita iure. Sint rem deleniti nihil libero numquam molestiae est. Dolores repellendus et unde nostrum consequuntur. Minima vel consequatur pariatur eveniet. Et omnis est vitae consequatur ab dolores sit. Ab ut suscipit delectus accusantium. Velit et rerum nulla aut ducimus aut earum. Cupiditate magnam autem a dolore vel et. Expedita ut vel et perspiciatis vel. Deleniti saepe veniam temporibus perspiciatis repellendus quae aut facilis. Et nam eius odio incidunt atque ea. Eum numquam et ab quis est.',75,0,0,16,'1992-01-09 19:13:25','2010-06-03 04:39:09'),(17,94,36,'Dolorem laudantium eos explicabo praesentium. Pariatur rerum aut quis dignissimos autem odio. Maxime recusandae commodi dolores eum debitis ex. Perferendis commodi tempora possimus nemo officia.','Illum nam esse exercitationem libero. Iusto eligendi cum voluptas nihil. Omnis omnis provident culpa distinctio impedit dolorem placeat. Mollitia adipisci corrupti facilis qui libero debitis ad. Non omnis aperiam tempora id id qui dolore dignissimos. Sint mollitia maxime fugit esse. Corrupti adipisci qui suscipit voluptatum rerum sit iusto. Dolor rerum accusamus vel est dolor sapiente non. Aut illum inventore iste eum iste veritatis. Tempore doloremque ratione asperiores in quos id perspiciatis. Qui eum eos nihil aliquam.',73,1,1,107,'1980-11-22 10:15:21','1975-10-18 20:45:14'),(18,99,32,'Accusamus saepe incidunt sequi et sed officia quod. Natus incidunt occaecati rem eos sunt aut. Tenetur quis sequi fugiat aut vero fuga. Sed et error itaque itaque veritatis ab est.','Quas omnis ab libero dolores. Laudantium tempore voluptatum aperiam nesciunt minus distinctio. Odit ratione reiciendis odio reiciendis. Aspernatur hic praesentium neque non. Recusandae reiciendis dolores sed expedita. Excepturi optio nesciunt minima. Qui quaerat officiis est corporis aut ab. Neque velit molestiae accusantium culpa. Culpa consequatur corporis nam eum est et. Aut perferendis possimus non velit in dolor voluptas. Qui enim est molestiae vitae asperiores occaecati sint. Eos neque provident ex.',80,1,0,97,'1997-01-28 22:13:42','1979-10-03 19:28:34'),(19,54,42,'Ex at aut perspiciatis expedita et quis magnam. Ipsa et optio natus quae corrupti voluptatem. Magni sit asperiores sint commodi ut cum ipsam laboriosam. Eveniet beatae aut qui sed tempore.','Accusamus voluptas quam voluptatem doloribus inventore. Ullam et non est et. Quia consequuntur rerum tempora sunt. Neque sed quis repellat repellendus. Voluptatem omnis quia sed quo molestiae. Adipisci laborum nihil non eaque vero natus. Et quis aspernatur rem assumenda quo consequatur. Et aliquam fuga magnam soluta numquam pariatur incidunt. Dicta labore explicabo omnis voluptatum cumque repellendus nostrum distinctio. Distinctio et aut omnis quos. Consequatur mollitia explicabo id exercitationem cum facilis. Ea officiis aliquam harum. Totam qui mollitia nostrum unde quaerat. Molestiae est ut quas aperiam.',6,1,1,8,'1979-05-01 07:46:17','1980-11-03 10:24:29'),(20,3,1,'Enim rerum iste quia nam et tempore. Nulla porro pariatur voluptatibus quia voluptas. Asperiores saepe voluptatem cum quo.','Tempore enim ea non laudantium veritatis. Est dolores iusto et deserunt. Vel voluptas non voluptas qui inventore. Ipsam doloribus debitis provident amet id praesentium rem aut. Est labore aut laborum sunt cum enim. Qui laborum qui sint occaecati voluptatem. Optio incidunt placeat illum eum et sint.',66,0,0,73,'1986-10-04 01:01:08','2007-06-08 06:32:01'),(21,4,81,'Vel quam delectus laboriosam fugit dicta aut dignissimos perspiciatis. Numquam tempore molestiae est quibusdam dolore magnam. Dolor est similique aut aut.','Commodi corrupti facilis voluptas quia facere excepturi dolore. Non aut id at repellat. Commodi ut doloribus et omnis. Soluta accusantium natus suscipit id. Sed molestias tempora iste et quos. Fugiat asperiores quo eius. Dolore provident eligendi error eius enim sequi odit. Fugiat quia rem incidunt maiores qui error aut. Recusandae repudiandae sint omnis dolorum est veritatis voluptatem. Sunt qui ipsum et et ut qui.',50,0,1,101,'2001-07-15 09:16:08','1992-11-11 03:19:46'),(22,5,103,'Mollitia et quis libero itaque libero. Excepturi autem recusandae ipsam tenetur non ut. Cupiditate quia eius voluptatum.','Sequi architecto ut vel nam ipsa deserunt. Fugit consectetur voluptatem fugiat dolorem voluptatem qui. Aliquam nam ullam quis hic nemo quidem omnis. Et esse dolores veniam. Nihil magnam autem deserunt. Eligendi recusandae officia pariatur consequatur omnis. Eos omnis quo est rerum incidunt ut ut similique. Ut cupiditate recusandae necessitatibus porro vero velit dolor. Rerum architecto quas a iure. Eius harum id a dolores ex doloribus voluptas ea. Minima dolorem doloribus similique occaecati. Dignissimos quod culpa molestias est iure iste odit mollitia.',20,0,0,3,'1995-12-10 22:09:06','1982-03-29 02:56:03'),(23,46,50,'Maxime similique cumque rerum inventore. Natus quia quis laudantium commodi. Vero laboriosam dolor illum assumenda debitis et animi. Voluptates dolores aliquam voluptatem aspernatur cupiditate amet.','Enim rerum odit maxime magni possimus perspiciatis soluta. Fuga et omnis sed dolores. Dolores modi numquam saepe illum temporibus eligendi. Odio et reprehenderit quia possimus aut. Sint perferendis ratione qui quis. Voluptas ad fuga eligendi voluptatem est et. Eaque velit quis cupiditate. Hic facilis voluptas dolores. Eligendi est cupiditate commodi nihil eius natus laboriosam. Consectetur provident ut eaque consectetur amet. Est error deleniti nisi doloribus natus est quae.',16,1,0,78,'1994-07-14 19:28:13','1998-03-22 08:07:38'),(24,83,91,'Fuga et sunt autem. Ex aspernatur quod quod ut et. Ipsa debitis eos et occaecati.','Amet quam velit magnam adipisci delectus pariatur. Voluptates commodi at rem optio. Exercitationem harum perspiciatis sed numquam non adipisci fuga. Aperiam illum laborum eos nam. Est porro provident nam assumenda. Inventore illo quo voluptatibus. Veniam et autem dolorum sit ea commodi. Repellendus necessitatibus repellat dignissimos impedit doloremque. Tempore accusamus nihil quos beatae nesciunt pariatur doloribus. Nihil voluptas est ipsam rerum perferendis laudantium. Sunt qui expedita fuga. Iusto aut dicta dicta adipisci rerum eum velit.',19,0,1,61,'2007-12-24 22:25:28','1987-01-30 08:47:40'),(25,29,5,'Molestiae deserunt voluptatem rerum quia earum explicabo enim et. Et debitis aspernatur numquam voluptatibus eos molestiae error.','Officiis assumenda dolorem id facilis quas. Ex dolores ipsam soluta sequi et nulla. Delectus sed nihil officiis et est sit. Sed accusantium suscipit maxime consequatur dicta tenetur nulla. Minus ipsa sequi sed ipsam. Alias quam sed optio repudiandae deserunt at earum. Consequuntur quia vel laudantium debitis impedit voluptas. Magnam iste accusamus autem sed. Et veritatis perferendis provident voluptatem vero excepturi sunt. Qui vel repellendus quis vel quam ratione ab qui.',38,1,1,61,'1985-08-13 09:26:32','1977-11-04 10:51:05'),(26,28,41,'Dolor vero nemo voluptas est voluptas ea. Sint quas et ducimus. Asperiores ut tenetur minus voluptas sit enim. Aut recusandae ex magni eos quia.','Dolor consequatur suscipit inventore molestiae quisquam molestiae odio. Quia excepturi vitae dolore. Et neque accusamus quas qui. Voluptas et autem reiciendis commodi. Mollitia quam unde voluptates quibusdam recusandae esse. Quos accusantium aut nisi. Fuga qui velit doloremque eum fugit. Ea iure quia dolorem architecto quis at et. Est magni qui officiis ea ut sed consequatur.',87,1,1,44,'1979-07-30 15:10:52','1980-12-05 06:16:10'),(27,2,41,'Ab nulla et ut eligendi eos consequuntur ipsam et. A dolores quidem recusandae inventore adipisci in. Illum unde qui autem alias quos cupiditate. Quidem est omnis sapiente adipisci quia.','Doloremque voluptatem fugit sint architecto enim quos. Id quaerat ut sapiente molestiae. Doloremque cum dignissimos accusamus itaque. Earum numquam aspernatur voluptatem quos voluptate. Consequatur earum enim illo ipsam officiis optio. Culpa quam fuga enim quam consequatur illo. Quaerat ut unde iste quia quidem consequatur. Et dignissimos sunt eveniet saepe rerum. Iure ex ea odio ullam voluptatem reiciendis quidem. Nobis consequuntur fugiat rem dicta.',5,1,1,76,'2000-11-10 19:10:00','2019-12-29 23:24:33'),(28,14,102,'Dolorum quae aspernatur magnam rerum et aut amet quo. Error minus quae deleniti cum ipsam sed ut. Rerum reprehenderit dolorum id explicabo molestiae atque sed.','Nam tempore sint amet numquam aspernatur et. Natus tenetur tenetur recusandae earum aut. Nihil repudiandae quia ut laudantium. Qui consequuntur occaecati qui voluptates quasi quaerat. Enim nobis sequi et asperiores. Culpa velit doloremque iusto voluptate. Nihil non voluptas aut porro officia eos. Dolores nostrum nemo deserunt aut est ratione.',75,0,1,46,'2014-04-10 19:57:31','1985-08-06 09:21:41'),(29,96,36,'Iure ut nobis et. Praesentium molestiae eveniet adipisci nisi. Autem debitis at quia maxime voluptatem necessitatibus aut. Suscipit tempora ut quis reprehenderit.','Repudiandae facilis minus laudantium molestias et doloremque ducimus aut. Exercitationem culpa nam vel enim molestiae. Perspiciatis dolor ullam fuga commodi. Doloremque reiciendis nisi ea deserunt et error. Magnam non nulla non a fugiat quia. Nihil quis ut quia in ea cupiditate ea error. Doloremque sint nemo quia vel voluptatum nesciunt aspernatur. Sit est animi quo id fuga accusamus. Eum facilis quaerat amet quis cumque. Quia enim corporis illum animi. Quibusdam vitae non omnis provident rem. Qui eum quis expedita qui facilis. Optio alias eaque illum alias dolorem. Ut aut itaque omnis nihil nulla suscipit.',28,0,0,103,'1971-09-01 14:53:59','1977-04-05 03:14:11'),(30,23,16,'Animi quidem ut in molestiae temporibus. Perferendis distinctio voluptatibus rerum tenetur dolorum. Rerum minus possimus velit iste consequuntur repellat fugit provident.','Est accusamus cum aut sunt. Reiciendis earum aut non distinctio. Tenetur veniam velit recusandae aut. Ab atque nesciunt ad et corrupti aut at. Quia consequatur dolor itaque sed cumque placeat. Suscipit tempora error quasi exercitationem id nihil. Sequi vitae consequatur non reprehenderit commodi dolorem et. Ab aut non aut repellat. Quae ut neque hic excepturi tenetur facere iste. Sapiente consequatur quibusdam doloribus consectetur iure earum aut. Optio magnam magni sint veritatis praesentium est molestiae.',30,0,0,32,'1988-02-17 04:52:07','1982-08-31 00:57:15'),(31,96,52,'Voluptatem quidem ab fuga quisquam eum quo. Necessitatibus animi est nam. Delectus occaecati consectetur qui.','Dolor facere iste in. Autem possimus velit nihil impedit quos aspernatur assumenda. Atque nemo eum labore alias est a dignissimos. Quod qui dolor corrupti delectus ut incidunt inventore. Et enim eum labore libero voluptate delectus totam. Et qui placeat nihil vel dolorum est eaque. Modi reprehenderit quisquam saepe perspiciatis tempore aut ut. Et dolor ut aut ex nihil omnis. Unde sapiente ut in unde tenetur accusamus. Quo atque minus tenetur maiores in veritatis quia quas. Possimus iure maiores aut aperiam natus quia maiores veniam. Ipsum et enim et sit aut. Autem asperiores et placeat incidunt itaque repudiandae qui.',66,1,0,44,'1979-09-06 06:53:29','2020-06-16 04:18:36'),(32,27,95,'Autem placeat amet illum. Voluptatum cum consequatur eos eum. Id perspiciatis eveniet repellendus et qui vero.','Inventore saepe esse nostrum alias maxime. Mollitia tempore nesciunt ex explicabo sit aut debitis. Totam laborum sapiente ut optio et. Dicta debitis dolores ut dolor et. Fugiat ducimus culpa dignissimos optio aliquid et omnis. Quam fugiat molestias suscipit nobis. Dignissimos possimus repudiandae dolor dolor quis. Consequatur cumque deserunt veniam veritatis distinctio. Rerum occaecati suscipit ut recusandae. Perferendis neque corrupti est est tempore perspiciatis pariatur assumenda. Iusto facere unde adipisci inventore maiores eligendi. Dolores sequi officiis dolores fugiat. Pariatur facilis fuga molestiae.',81,0,0,22,'2002-12-16 05:42:57','1973-08-01 00:49:51'),(33,104,16,'Eum corporis ipsa et qui non consectetur. Incidunt quia eos eligendi adipisci et rerum. Occaecati architecto sequi saepe eum.','Repudiandae odit numquam quod quod. Rerum modi officia vel veniam. Non non et et sit. Adipisci dolores impedit accusantium velit ut aspernatur. Occaecati voluptates ratione nulla veniam. Ullam voluptas quis esse laborum aut. Occaecati perferendis ut eius ut minus et dolor. Vel dignissimos asperiores autem excepturi dicta. Ipsam aspernatur aut ipsum quo. Quas et eaque eaque ratione atque. Deserunt eum animi blanditiis sit. Dolorum totam quis voluptas reprehenderit. Dolores ullam dolorem ratione qui. Necessitatibus consequatur et omnis quis consequatur. Ipsa et aut eveniet adipisci.',109,0,1,47,'1984-05-06 22:21:38','1989-10-05 18:26:29'),(34,101,75,'Dolorem quas architecto placeat doloremque ratione exercitationem. Cumque aspernatur dolorem fuga qui accusamus. Itaque et omnis beatae praesentium consequuntur et.','Repellendus consequatur veniam in repellat quod rerum facere. Qui debitis dolorum est fugiat quia deserunt. Harum consequatur rem dolores. Explicabo occaecati ut aliquid ratione. Velit eos voluptatem atque et ex voluptas. Quae culpa eligendi adipisci omnis eveniet alias qui. Id aut et nulla voluptatem ab ut.',94,1,0,13,'1977-05-13 14:23:46','1975-05-02 21:14:53'),(35,9,56,'Architecto aut repellat quo velit eaque aliquam accusamus. Deleniti atque debitis quis ut non enim accusantium rerum. Rerum libero porro dolorem est debitis fuga reprehenderit.','Qui exercitationem repellendus qui qui. Earum et natus voluptatem culpa ut nostrum. Totam et nisi facilis corporis totam officiis. Ab ratione tempore repellendus velit qui voluptatem fuga ratione. Unde et quam voluptatem placeat. Dicta aut fugiat quidem aperiam amet corporis est. Et omnis et laudantium accusamus libero pariatur. Rem maxime veniam ut ut dolores. Qui eum dolorem fugiat autem velit nihil maiores. Blanditiis neque quas error explicabo ut voluptas. Reprehenderit et reiciendis porro sapiente earum dolor architecto. Dolores non repellat quia nemo. Rerum et rerum dolor et provident.',2,1,1,96,'2000-03-23 07:08:47','2019-04-01 20:55:00'),(36,104,101,'Ipsum provident unde sapiente ad voluptatem. Quasi et rerum earum. Corrupti vel impedit animi aut omnis repellendus consectetur excepturi.','Commodi quis aliquam dolorem voluptatem consequuntur in hic. Et impedit rerum aliquid facilis officia est. Quia eaque et similique repudiandae incidunt nihil necessitatibus. Expedita veritatis aliquam accusamus et ut qui et. Quas libero et est quis excepturi inventore. Perferendis vitae sed magni officia. Accusantium rerum vitae corporis impedit occaecati tempora. Fugit dolorum porro nisi velit temporibus nostrum quia. Error qui consequatur pariatur veniam consequatur et. Expedita aut voluptas illum quis id. Molestiae explicabo animi quod aperiam et. Ad itaque sint voluptatem velit est. Earum in culpa aut tempore.',16,0,1,44,'1997-10-30 05:08:12','1979-07-25 07:16:54'),(37,94,6,'Explicabo commodi odio reiciendis. Eum quaerat molestiae dolorum et harum. Qui tempore praesentium itaque sit accusantium aut nihil occaecati. Aut dolores adipisci aut.','Sed sit qui minima ipsum tenetur. Perferendis voluptatibus qui qui sed. Non reprehenderit numquam unde cum quas. Libero consequatur iure saepe fugit. Eius qui harum quia et officia et. Sapiente repudiandae laboriosam modi sit repudiandae. Illum incidunt modi quam ex animi.',23,1,0,79,'1971-08-11 01:28:49','2012-01-02 15:51:18'),(38,91,40,'Vel ipsa officiis ut excepturi ullam. Tempora quos ratione quidem et. Soluta numquam dolor velit error vitae magni minus officiis.','Et qui aut eaque culpa delectus. Quia repellat quia voluptates quia ea et atque. Doloribus quasi similique ab omnis reprehenderit expedita. Aut sit qui sequi porro nulla. Occaecati aut ut dolorem accusantium. Quis impedit qui earum quo nihil corrupti. Temporibus nihil sit numquam autem ut.',92,0,1,81,'2010-05-12 14:20:51','2003-05-03 22:17:39'),(39,48,55,'Delectus molestias sit velit et quo velit aut similique. Error ipsam delectus dolorem temporibus porro. Saepe quam ullam et possimus dolore.','Ut et accusamus est voluptatibus ex. Quis optio illo veritatis corrupti. Aut dolor magni voluptatem dolor officiis. Quo eveniet omnis error eaque architecto nemo eveniet distinctio. Consequatur ducimus earum odio vel facilis enim dignissimos quasi. In veritatis est autem non minima assumenda aliquid id. Et est ut veritatis adipisci qui possimus. Ut quis impedit qui facilis. Ducimus animi commodi aut quos molestias. Quam dolore qui ratione porro nesciunt enim.',27,1,0,8,'2008-09-27 21:37:12','1972-08-04 16:52:32'),(40,33,77,'Voluptas hic at harum necessitatibus quibusdam explicabo. Tempore aut vel enim et. Delectus occaecati molestiae distinctio.','Necessitatibus non repudiandae inventore. Voluptas neque ad est laborum. Architecto libero et consequatur at neque consectetur. Aut et ut molestiae at. Non repellat pariatur quia tenetur incidunt velit. Pariatur vitae dolorem error animi eius vitae praesentium fuga. Natus nihil est aspernatur occaecati et modi aperiam.',5,0,0,33,'2005-11-01 04:04:38','2008-01-12 07:33:04'),(41,51,21,'Nesciunt quia qui ea culpa et repellendus. Laborum et aliquam necessitatibus.','Officia ea consequatur eius iusto quia sunt blanditiis quibusdam. Ducimus expedita harum ut aliquid ut dignissimos est id. Dolorem illo hic deleniti consequatur recusandae sed. Quo architecto tempora modi ex aspernatur saepe officia. Quasi voluptatem sed repellat velit. Sed eveniet cupiditate ut laboriosam. Recusandae adipisci rem nihil facere similique sequi nobis. Illo laborum rerum minima et. Quo ipsa sequi enim adipisci sequi dolores. Sit unde ut voluptatem qui facere. Eveniet consequatur aut et vero culpa nostrum et occaecati.',10,1,1,4,'2015-08-19 15:46:24','2017-06-28 01:39:37'),(42,51,4,'Modi delectus expedita assumenda assumenda. Et ratione consectetur delectus ut laborum enim id. Quas occaecati quisquam omnis in.','Voluptatem quos excepturi numquam quam. Dolorum illo consequuntur quaerat rem quo impedit officiis cum. In est rerum enim itaque. Eius fugit explicabo molestiae similique aut. Qui voluptates debitis quasi ut accusamus neque. Rem sed vel dolorum aut. Ea veniam consequatur nemo et illo beatae. Aut quis exercitationem quia vel ad maiores. Omnis soluta in quae at in voluptatem.',71,0,1,90,'2001-11-04 11:10:21','2003-12-28 11:04:51'),(43,45,29,'Sed nihil in aliquid quaerat et ut qui perferendis. Nesciunt et sint est omnis. Quod illo blanditiis omnis officiis ipsam.','Pariatur impedit sint qui eum excepturi architecto numquam. Facere odio eos illo iure. Quae quia facilis molestiae sed quia. Dicta iusto est nam consequuntur fugit. Maxime aut esse ut natus. Enim ab officia sunt suscipit atque et. Aut eos vel eligendi nobis consequatur velit placeat voluptatum. Expedita doloremque excepturi et occaecati placeat. Id nobis ullam ducimus vero. Illo velit minima aut qui. Sint et voluptatem aliquam voluptatem alias et. Nihil voluptas consequatur qui corporis ab modi minima.',95,0,1,24,'2011-06-18 09:21:48','1998-03-15 16:07:31'),(44,102,103,'Alias sunt cumque ea ullam. Nisi eaque nihil in ullam ratione velit. Itaque blanditiis aspernatur vel eveniet. Est vel voluptas dolores.','Illum nobis illo ut voluptas illo quos sed eius. Delectus dolorum eaque soluta quam deserunt et. Consequatur provident rerum eum at inventore. Consequuntur eos nisi earum. Quasi iure et neque veritatis quae praesentium molestiae. Aperiam est dolor est ducimus consectetur eum. Est sit dolorum ullam deleniti aut magnam a perferendis. Dolorem nihil quia magni non qui molestiae. Quia molestiae reiciendis voluptatem dolores natus est. Veritatis eligendi culpa velit perspiciatis. Consectetur distinctio consectetur sint rerum deserunt.',7,0,0,34,'1970-07-29 15:33:31','1989-06-06 23:27:04'),(45,41,81,'Nobis et qui esse quasi. Eius nostrum sed quidem saepe dicta eum. Est inventore voluptatum quia molestiae. Neque quisquam saepe incidunt nostrum ullam soluta temporibus.','Minus magni ut cum fuga omnis minima debitis. Voluptate quasi et laborum. Unde facilis optio optio ipsa ut itaque. Incidunt mollitia corporis possimus provident consequatur. Veritatis illum tempore voluptatibus enim sit doloribus voluptas. Non omnis qui rerum itaque quia. Odit ab rerum non.',21,1,0,109,'1996-12-12 01:40:45','2013-10-04 18:49:05'),(46,4,32,'Ea voluptate qui est corrupti veritatis. Voluptas corrupti fugit et ut ut aut in. Reprehenderit voluptas totam qui consequatur animi eveniet saepe.','Accusamus eligendi eos alias quisquam sed expedita. Praesentium nobis animi quam voluptatum molestias in. Ea modi repellat libero tempora et et quia. Eius tempora consequuntur aspernatur qui. Quia modi sed doloribus sunt eos. Architecto ratione aliquid qui. Autem occaecati nemo atque voluptatibus. Facilis minima ut et sit. Veritatis cumque modi quasi molestiae reprehenderit non quia.',80,0,0,4,'2008-09-15 00:25:20','1988-02-26 12:19:26'),(47,10,11,'Aspernatur dolores error rem ea et nulla aliquam. Ullam quia odit cum quis expedita quae unde. Fuga et aliquam sequi expedita totam. Qui maiores aut aperiam consequatur molestias veniam cumque.','Odit esse veniam in aliquid voluptatem ut. Distinctio dolorem mollitia impedit. Repudiandae odio porro architecto. Ex aliquid possimus et incidunt. Ut qui et eos. Dolore ut quam qui corrupti accusantium veniam et. Voluptatem perspiciatis eveniet cum et sit. Tempora voluptatum ullam temporibus nostrum maxime veniam odit dolor. Dolores quia perspiciatis ab iure et quae sapiente. Asperiores omnis qui et cumque tenetur. Quisquam aut sit repellendus quae. Deserunt ab sint dolorum totam velit.',47,1,0,91,'2015-05-05 05:24:44','1980-08-10 01:46:24'),(48,15,82,'In sed quo est ea qui. Numquam odio odio et qui. Voluptatem aut qui qui suscipit.','Occaecati iure temporibus et fugit tenetur deleniti qui. Ea a nostrum sit dolorem voluptatem dolorum voluptates veniam. Quia maxime aut modi recusandae. Ab rerum doloribus neque. Nihil vel explicabo quo possimus aut repellat. Consequatur autem nisi dicta laudantium. Quia labore animi porro quidem quae dolores aut. Accusamus veritatis qui maxime placeat nulla dicta voluptas. Dolores autem velit possimus. Illum facere vero quidem voluptas inventore et. Expedita enim porro et ipsum. Eaque enim accusamus architecto temporibus quo ut nihil. Ex inventore molestiae recusandae iure omnis et.',13,0,1,94,'2012-10-13 07:35:01','1995-07-19 11:53:56'),(49,59,101,'Accusantium voluptas earum libero nihil. Dicta ducimus repellat vitae quo. Voluptates voluptatem omnis occaecati id odit ducimus sunt consequuntur. Rem reiciendis ut eius voluptatibus iste.','Qui hic ullam perspiciatis incidunt cumque repellat repellat. Illo maxime ut quod delectus. Ipsam veniam nisi facere asperiores excepturi qui molestiae. Qui aspernatur adipisci tenetur eum doloremque. Asperiores non est voluptatem temporibus. Voluptas aut tempora tempora iusto. Voluptas earum voluptatem officiis et esse sed ut. Natus omnis provident explicabo vel vero assumenda. Nobis temporibus recusandae maxime illum voluptatum pariatur perferendis fuga. Molestias incidunt quasi aut est aut magnam voluptatem. Officia quis sed vel id. Nostrum et eos aut consequatur consequatur accusantium et. Vitae amet soluta voluptas earum.',74,1,0,6,'2015-12-01 23:02:10','2010-12-23 20:40:33'),(50,74,106,'Est minus ipsum ad at animi provident odit. Cumque aut ex maxime quos. Blanditiis praesentium assumenda qui sint ut. Dolores repellat qui est vel distinctio.','Aut sequi et aspernatur quam. Ut praesentium dolorem nemo asperiores. Dolore aut est dolore non nobis. Delectus tenetur in provident maxime voluptate et ut quos. Excepturi in optio natus incidunt dolor ullam quae. Quia sequi iure fuga voluptas dolorum dolores tempore. Iste ut tempora a accusamus et quaerat asperiores. Earum dolores vel laborum ducimus est. Veniam ut qui debitis ea earum sunt est. Ut et sed est reiciendis delectus. Nihil ipsam doloremque placeat placeat sequi voluptatem.',87,0,0,104,'2018-01-07 12:38:07','1995-12-29 08:37:44'),(51,63,26,'Qui voluptatem et fugit et possimus. Ea quas dolorum officia qui expedita aut atque. Repellat nihil fuga eius ad necessitatibus odit exercitationem. Eos sit vel corporis dolorum ipsum nulla.','Officiis corporis quia et qui doloremque. Assumenda enim quidem sequi sequi. Fuga quibusdam et eum voluptatum dolores at. Rerum accusamus sit error culpa ab. Voluptatum voluptas fuga possimus reprehenderit impedit commodi. Et dolore sit corrupti iusto. Porro vel cumque ad suscipit possimus. Ducimus doloribus dolorem libero omnis ipsa corporis aut est. Adipisci corrupti rerum quidem reiciendis iure aspernatur nihil. Cupiditate temporibus commodi veniam cupiditate esse autem. Quas mollitia distinctio minima atque qui.',30,0,1,20,'2000-10-17 14:21:10','1994-12-17 21:28:55'),(52,86,40,'Sint possimus perferendis modi voluptatibus voluptatem non odit. Velit architecto corporis odit exercitationem.','Consectetur qui et ipsum ea. Est quia atque provident et. Adipisci deleniti repudiandae ea autem. Ea et est expedita et. Eos repellendus omnis laudantium dolorem nostrum. Delectus omnis maiores blanditiis sit amet quia. Fugiat voluptas qui at laborum aut voluptas et. Aut non reprehenderit aperiam cupiditate dolores. Aut laboriosam et et nesciunt sit optio. In qui dolorem aut. Est reiciendis in fugit. Qui tempora est alias dolor.',103,1,0,81,'1974-09-13 22:52:49','1976-01-18 07:10:55'),(53,20,49,'Quia voluptas et quia nobis dolores eaque deserunt explicabo. Aut voluptatem fugit ut eum. Voluptas in possimus odit est ex facere ut.','Vel tenetur quo architecto fugiat consectetur. Placeat iste sed ut aliquid necessitatibus assumenda ut eum. Repellat vero molestiae a perferendis velit earum. Porro maiores neque iure quia aut eaque. Rerum eum non esse recusandae. Corrupti autem reiciendis blanditiis neque fuga. Accusantium non corporis alias. Repudiandae sed necessitatibus nobis et commodi atque consectetur. Accusantium magnam est impedit illum consequuntur. Ipsam nihil ut repellat.',90,1,1,2,'1987-09-18 01:03:46','1996-12-07 14:27:56'),(54,95,4,'Quod culpa beatae blanditiis quidem. Dicta aspernatur corrupti quia soluta illum voluptatum voluptas rerum.','Quia et sed qui ullam. Molestiae eos ut autem et itaque porro quisquam. Voluptas odit tempora autem qui earum recusandae consectetur. Sit consequuntur explicabo itaque perspiciatis adipisci labore. Expedita inventore ex possimus velit nulla. Velit aspernatur dolor eius qui veritatis. Quis omnis ullam ex quasi quibusdam illo perferendis. Ut et ad odio repellendus animi. Voluptatem reiciendis dolorum et repellendus et ut reprehenderit qui. Laborum qui possimus recusandae libero suscipit excepturi autem.',94,0,1,83,'2017-07-04 07:54:59','2016-12-06 04:53:34'),(55,12,38,'Voluptatem amet non corporis vitae. Assumenda quia dolorum autem corporis qui et corrupti. Pariatur adipisci veniam vitae officia explicabo. Veritatis velit sunt impedit veritatis officia.','Explicabo eaque et doloremque qui placeat deserunt. Totam optio non omnis et suscipit. Blanditiis consequatur architecto sit maiores cumque fuga. Et possimus veniam accusantium aliquam est nam. Voluptatem voluptas commodi asperiores et. Aut rerum numquam et eum reprehenderit. Tenetur non ut aut molestiae in natus. Voluptas officiis qui accusamus voluptas. Maiores at expedita ut quas sint illum saepe.',38,0,0,11,'1977-12-08 05:00:43','1978-12-30 09:45:10'),(56,9,15,'In veniam excepturi aliquid vel molestias nesciunt. Voluptates consequatur repudiandae quo voluptatem et. Hic corporis consequatur in. Quis cum ex ut tempora inventore adipisci.','Enim sit libero cum non. Quo neque ipsam dolor ipsum nesciunt laborum cum. Consequatur officia laudantium corrupti id praesentium natus ratione. Quae veniam est assumenda explicabo nihil perferendis. Reiciendis facilis adipisci eveniet earum. Voluptatem adipisci omnis suscipit. Unde facere et labore corporis laborum a ea fugit. Nobis enim laborum culpa est ut voluptatem ut.',51,1,0,90,'1984-12-15 20:56:01','1995-11-08 09:05:09'),(57,100,52,'Cumque unde accusamus quia qui ea animi cum inventore. Quisquam harum voluptas et alias non. Unde est error soluta aliquid unde.','Omnis id iste et nam officia numquam velit. Possimus voluptatum ea voluptas doloribus doloribus unde voluptatem. Tempore dolores ad est dolorum dolore voluptas quia. Eaque velit rerum quas quo. Facere quam blanditiis aut quia adipisci hic. Illo porro quas soluta optio et. Iure aperiam aliquam quam et qui vel in. Ab cupiditate distinctio aperiam tempora doloribus voluptate accusamus. Quam placeat consectetur voluptatem fugiat impedit quos et. Sunt odit tempore rerum officiis dicta culpa sit. Harum qui laborum autem sint commodi. Adipisci dolor non ratione et earum eaque cum. Delectus consectetur et quas unde sit qui.',101,1,1,69,'2020-04-01 05:39:14','2010-12-16 08:21:15'),(58,52,22,'Quos aut ut minus consectetur totam quidem provident ut. Ea voluptatem fuga esse qui. Et quia ipsam omnis ex.','Illum rerum et aut est nam quae cupiditate. Nulla perspiciatis et non sed qui laboriosam. Aut laborum est aliquid sequi. Accusantium eum et est aliquid nihil quis. Dolor tempore tempora a et. Voluptas aut explicabo aut laborum. Asperiores consequatur porro rem expedita illum quaerat ad. Sint accusamus doloribus nostrum non maxime earum aut sit.',100,0,1,12,'1986-09-07 13:29:16','2011-01-29 12:14:21'),(59,58,93,'Quam est voluptatem ea saepe amet. Quas laudantium eaque blanditiis quis. Eum dolorem reprehenderit totam aliquam corporis aut sunt.','Est dolorem autem ipsam dolorem aut ullam adipisci nisi. Nihil ducimus laudantium ut tempore accusantium mollitia qui. Eligendi officiis aut quasi maiores reprehenderit sed ullam veritatis. Id voluptas aperiam doloremque soluta. Qui tempore quasi eum debitis. Et officiis modi quaerat odio. Deleniti consequatur itaque est perspiciatis minima quisquam. Odio consequatur enim quos culpa eaque magni iste. Dolor tenetur quisquam accusamus a sit. Ex ea sapiente odio illum ducimus voluptatem nam. Voluptas consequuntur aut molestiae voluptatibus sapiente aliquam. Labore voluptatum omnis omnis quo. Error occaecati qui itaque ducimus. Nam fugiat autem nobis.',38,0,1,13,'1983-05-19 05:19:49','1985-03-09 05:21:15'),(60,8,88,'Quae voluptas nihil et qui et. Sit quidem deserunt nisi aut doloremque non aut. Est odio nostrum eos temporibus.','Quasi rerum soluta non voluptate rerum. Voluptate et dolor cupiditate ut ut aut assumenda. Debitis laboriosam atque quod voluptatem amet. Pariatur id et repellendus ratione et laboriosam. Sed eius dolores aliquam et quo quibusdam. Architecto rerum qui voluptatibus corporis officia officiis aut. Architecto tempora et temporibus adipisci quis. Inventore blanditiis sunt corrupti. Quam magni qui quia et adipisci aut porro quia. Cum eos debitis omnis aperiam suscipit explicabo. Accusamus corrupti perspiciatis autem vero aut dolores ipsum. Veniam et et ut mollitia deserunt voluptates vel. Et qui mollitia dolore nostrum reprehenderit rerum consequatur.',61,1,1,89,'1995-09-28 16:53:24','2012-02-12 04:49:44'),(61,108,92,'Odio id temporibus rerum. Inventore minima delectus sit qui sint. Ab qui doloremque voluptatibus sed autem rerum est.','Quis sit ab esse quod. Est facere mollitia quisquam tempora perferendis mollitia porro quisquam. Nisi blanditiis blanditiis est incidunt vel et in. Itaque non adipisci ut quia. Perferendis ea voluptas consectetur rerum quas error laboriosam. Id voluptas ratione voluptate aut similique. Fugiat ut ab id vel veniam rerum dolore aut. Ex ex dolore tempore consequuntur aliquam mollitia.',102,0,1,88,'1972-04-27 18:51:30','1992-11-15 16:49:41'),(62,27,106,'Voluptatem enim animi odit labore aliquid voluptatum aut. Nobis ut saepe quo quia. Eum et cupiditate ipsum voluptas aut eos.','In ut porro alias. Qui veniam et iste praesentium unde dolor molestiae quo. Ipsam est non dicta rerum officia. Ut nihil nam accusamus quas iusto rerum reprehenderit. Aperiam debitis et quia id necessitatibus quisquam qui. Repudiandae aspernatur quisquam quisquam minus iure. Repudiandae similique distinctio molestiae ut odit qui. Expedita inventore aperiam neque itaque doloremque consequatur quo. Atque et porro dicta in praesentium et quo consequuntur. Molestias voluptatem non quos voluptas maxime dignissimos. Ea animi est consectetur in similique omnis. Excepturi debitis facere vel temporibus similique maxime nam. Asperiores aperiam ut consequatur et saepe dolorum officiis architecto. Illo illum iusto deleniti sunt minus laborum.',110,1,1,25,'1985-10-19 23:32:50','1990-11-29 15:26:12'),(63,101,74,'Velit nihil est et. Molestiae vitae non asperiores ipsam. Quasi minus assumenda in sed et dolorum.','Ea neque id iure hic alias. Molestias facere illum rerum iure placeat quasi repudiandae accusamus. Iste non saepe eum omnis laudantium. Voluptatibus reiciendis voluptatem voluptas voluptatem doloribus laboriosam cumque. Blanditiis iusto architecto et temporibus quia cumque nisi quo. Aut nam quis deserunt adipisci cum incidunt. Debitis illo esse est quo doloremque laudantium. Nostrum consectetur quod expedita et et. Hic est molestiae quia libero aut natus et. Excepturi pariatur delectus odio et. Ullam architecto excepturi ea sint esse. Aut quidem quam et. Voluptatibus dolor facere debitis dignissimos atque.',70,0,1,94,'1974-12-12 22:49:30','2011-01-21 11:26:52'),(64,66,4,'Iusto voluptatem distinctio aspernatur cum numquam. Qui harum impedit est libero voluptatem. Aut deleniti non dicta. Molestiae veniam vel sunt quis ut.','Voluptatem nesciunt at occaecati. Quod quia molestias non sed qui. Ipsam distinctio a accusantium molestias. Et cupiditate voluptatem reiciendis quia nobis veniam aperiam. Dolorem necessitatibus ab eos quisquam quos. Veritatis tempore tenetur labore aut aut architecto omnis. Tempora aut animi voluptate et quibusdam et expedita. Repellat distinctio enim tempora eos. Quod veritatis modi non qui. Totam temporibus dolorem culpa saepe. Quia cum quis hic necessitatibus. Optio id laborum quo ratione temporibus ipsa enim.',25,1,1,105,'2011-06-01 01:45:41','2015-03-27 21:46:51'),(65,60,3,'Sit neque accusantium esse ut nobis. Deserunt error eveniet nobis dolores odio quos. Est est quod ea est odit ut cupiditate. Dolore non cupiditate ut corrupti sunt ducimus saepe.','Hic necessitatibus culpa sit alias reiciendis. At in quibusdam debitis libero. Et praesentium cumque voluptatem quia laboriosam sint. Architecto et eveniet hic magni dignissimos ut dignissimos. In id exercitationem non velit sapiente consequatur. Quidem quia natus quia suscipit. Consequatur consequuntur aperiam est expedita qui incidunt. Amet est quisquam eius aut ea voluptatum eum. Laboriosam nemo sit quis vero reiciendis ab enim. Sequi voluptatum illum corrupti voluptate itaque minima perferendis. Neque et officia fugiat quaerat cum. Ullam quis beatae et sequi. Natus totam eius cupiditate ad sed. Incidunt non beatae minus et.',82,1,0,8,'2003-06-05 13:21:59','1992-12-01 16:35:02'),(66,51,44,'Omnis mollitia officia aut nihil a. Tenetur voluptatem perferendis impedit distinctio ut facere. Occaecati quis et omnis fugit ea ut sit. Neque eveniet et quis id non.','Delectus deserunt veniam adipisci hic id ut corrupti. Aut numquam eius dolorum consequuntur sed. Consequatur rerum numquam blanditiis vel quam architecto. Deleniti quis quia ad magnam. Omnis ab vitae error ad. Consectetur quod molestias voluptatem non ut. Id est quisquam eveniet ullam fugiat. Ut rerum dolorum praesentium velit autem velit occaecati. Dolores quaerat eos aut quia vel sapiente rerum. Repellendus aut qui quia enim. Dolor molestias magni architecto alias non sunt nemo.',86,1,0,73,'1970-08-22 19:48:51','2004-09-14 03:41:34'),(67,56,69,'Illo esse minus tenetur alias. Doloremque labore recusandae ut architecto. Et et accusantium accusantium error eum. Vitae impedit deserunt inventore ducimus reiciendis quisquam sit accusantium.','Vel nam adipisci et sit numquam rerum. Id mollitia et molestiae quia consequatur. Ducimus molestias iusto vitae molestias aut temporibus similique. Sunt a itaque et numquam delectus. Quibusdam hic quam ex ut ut fugit modi. Sed eum voluptatibus qui labore. Exercitationem tenetur culpa eum similique doloremque fuga. Deleniti tempora voluptas sequi in. Ut voluptatum accusantium ut nulla animi est non. Amet nulla voluptatibus commodi neque. Praesentium voluptatibus qui quis suscipit dolore. Dolor laboriosam odit accusamus optio quam nihil.',96,0,0,53,'1973-01-29 08:43:21','1993-05-11 02:02:11'),(68,50,84,'Quasi eaque aspernatur eveniet est reprehenderit ea voluptatibus qui. Ut magnam et labore. Quibusdam dolores ducimus voluptatem adipisci. In ex in fuga omnis veniam.','Sint qui sint consectetur. Iusto veniam cum ut sed quisquam dolore. Molestias voluptas dignissimos culpa. Ab sunt veritatis et harum nemo. Unde officiis impedit officiis aliquid occaecati tempora maxime ea. Ex eligendi ipsa voluptatem possimus ipsum. Officiis at in et dolor non. Quidem impedit possimus laboriosam quo facere illo porro. Hic quos soluta voluptates non. Possimus ipsam cupiditate modi odit at omnis iste. Aliquid aut ducimus modi voluptatem accusamus odit mollitia. Debitis ea aut nisi rem harum eos magnam. Ipsum iste voluptas eum velit odio. Laboriosam modi provident dolorem autem sequi.',58,1,0,105,'1984-11-29 06:13:44','2019-07-28 16:17:36'),(69,37,81,'Sit odit ducimus magni amet fugiat. Rerum architecto mollitia ea qui. Ipsa rerum libero dolorem suscipit sapiente. Vitae dolor ipsa et. Laudantium pariatur illum aut reiciendis laborum et omnis.','Placeat ducimus facere quia adipisci ab. Quos sequi nulla nihil accusantium qui praesentium deleniti quas. Et voluptates rerum doloremque quis sunt est sint similique. Pariatur cumque modi sed veritatis quaerat et eaque. Nam et omnis perferendis. Nihil distinctio fugit veniam sit nostrum reprehenderit impedit. Magnam alias qui quibusdam voluptatum quisquam. Voluptatibus voluptatem et quos reiciendis ducimus. Ullam iusto impedit maxime officiis magnam cum.',91,1,0,64,'2011-04-16 07:55:45','1995-10-11 07:52:23'),(70,28,106,'Dolore error in provident laborum cumque. Sed quae saepe molestias similique explicabo. Assumenda ducimus aut et et labore.','Non et quis earum a. Voluptas eos earum fugiat pariatur odio quis quia et. Autem dignissimos illo est ea dolorum ut. Laborum fugit autem quos veniam a omnis. Velit qui qui itaque voluptates sed. Eos dolore aut natus aut debitis quia. Odit quod eligendi architecto vero. Sed non hic voluptatem.',56,1,1,3,'2015-01-16 02:35:00','1995-06-28 20:13:03'),(71,110,33,'Perspiciatis quia inventore expedita dolorum quam accusamus molestias. Sed commodi maiores expedita rerum tenetur. Nihil non minus et eligendi consequatur porro alias. Dolorum amet aut quaerat.','Ut at repudiandae est ea sunt laudantium vitae corrupti. Inventore voluptatum architecto adipisci expedita ab placeat molestias. Qui eos quidem exercitationem assumenda. Aliquam laborum ut quia quae qui. Nihil est earum delectus et magni aut beatae molestiae. Quos ut sequi et quis molestiae. Nihil nesciunt voluptates est iste eveniet est soluta laborum. Et eum sunt id odio doloremque ullam voluptatem. Corporis iusto fugiat accusamus esse cumque.',94,0,1,65,'1990-11-25 13:46:16','1983-09-14 23:16:43'),(72,41,69,'Dolor adipisci omnis quia voluptas. Ut ab facere sed omnis consequatur. Rem eaque delectus et alias facere ad voluptatum. Minima quo minus placeat eveniet pariatur illum quis.','Reprehenderit laborum nam amet laudantium aut cumque et. Occaecati voluptatem eum est consequuntur. Officiis sapiente impedit sunt ab. Dicta quod laborum totam aut nesciunt. Ea quaerat et et veniam dolorem quo velit. Optio quis ut qui qui. Quae mollitia aperiam asperiores suscipit. Necessitatibus consectetur reprehenderit quia sit. Est quis temporibus repellendus perspiciatis vitae voluptates. Atque sit aut autem voluptatem atque quod est velit. Nihil qui qui et quibusdam assumenda ea. Illo laboriosam perspiciatis non dolore libero accusamus reiciendis. Nemo et itaque et voluptatem ea temporibus sequi et.',60,0,1,31,'1991-03-03 06:56:15','1988-05-12 09:56:08'),(73,47,78,'Quisquam veritatis totam id dolor et qui nihil sed. Hic totam est consequatur dolorum. Aliquid est omnis dignissimos iusto. Fugiat et animi cum voluptates.','Voluptatem enim inventore velit quo sunt fuga. Quo autem aut quia beatae sit mollitia quisquam. Sunt ipsa et et quibusdam. Ratione consequatur ad voluptate asperiores sunt placeat. Quia sit a harum corporis voluptatem non voluptatem eum. Eveniet qui ut possimus mollitia. Mollitia qui eos consequatur et non. Totam delectus inventore qui molestiae aut eaque eaque. Corporis consequuntur nulla est odio. Omnis doloremque occaecati aut dolorem dicta. Officia ipsum in soluta quibusdam ducimus. Eos qui fugit qui molestiae et placeat. Laboriosam corporis aspernatur quam aspernatur sint. Quia nemo et quia omnis.',85,1,0,24,'1975-06-14 00:23:09','2017-07-25 17:17:56'),(74,11,46,'Est voluptate nostrum dolor suscipit maxime. Neque sint occaecati fugit commodi hic. Natus laboriosam ut non soluta.','Et voluptatem saepe voluptas ullam. Sint explicabo qui facilis. Perspiciatis culpa vel consequatur beatae. Eum debitis non velit aut quidem et. Laudantium molestiae et voluptatem quia dolore pariatur autem. Impedit labore ut unde iste quasi dolorem sit. Quis ipsam velit sint corrupti aliquam illum natus.',78,1,0,62,'1982-02-16 22:03:34','1981-05-23 05:33:32'),(75,59,49,'Commodi qui magnam voluptatem modi qui et. Perspiciatis dolorum corrupti velit distinctio rerum dolores placeat. Rerum et sed iure expedita.','Similique ullam eius autem nisi iste qui assumenda. Quae eum eos dolores. Et eos quam eum recusandae. Rerum voluptatem ea in at quam beatae deserunt qui. Non eos ea ad numquam rerum. Dolorem soluta optio quia harum. Sed numquam voluptate ratione dolorum doloribus ipsa dolorum. Ut illo sequi dolorem maxime. Accusamus velit sunt quia eligendi. Magni expedita velit neque delectus deleniti. Deleniti rerum ducimus veritatis molestiae dolorem quod.',40,1,0,68,'2013-11-04 12:45:06','1990-04-17 07:03:04'),(76,82,62,'Exercitationem omnis voluptatem eum. Eum perspiciatis veritatis exercitationem quam molestiae fugit. Numquam distinctio hic dicta quia et.','Sunt quaerat voluptas sunt et et. Incidunt nulla sit non doloremque qui laudantium porro. Eligendi et rem eos. Laborum explicabo laudantium repudiandae officia sunt et ut. Vel nihil quibusdam dolorum et. Porro tenetur reiciendis excepturi. Beatae voluptate asperiores magnam quis excepturi repudiandae nesciunt. Eum aut est quasi sit. Et sunt praesentium et quasi cupiditate. Aut dolorum quisquam consectetur qui.',95,0,0,5,'1996-04-06 10:16:57','1991-11-10 17:28:58'),(77,34,61,'Explicabo alias veritatis et mollitia est. Autem accusantium et odit sint. Illum occaecati dicta voluptas et pariatur quam aut.','Rerum minima deleniti cum aliquid alias. Qui molestiae reiciendis cum molestiae soluta et ad. Non ea qui consequuntur. Nam non at sint ut. Et quia maiores rerum id sed. Ea esse modi repellendus facilis nobis est nihil. Libero quia vel odit id. Ratione qui minima et rerum dolores sit corrupti. Consectetur rerum voluptates modi sed aut ab odit aut. Debitis enim et nostrum qui eos in odit. Porro sit esse in accusantium voluptatibus. Vitae perferendis unde laborum eos dolor eum. Consequuntur in ullam iusto quod omnis. Dolore voluptatem fuga totam modi rerum.',16,0,0,100,'1983-02-20 02:45:07','1970-02-11 05:31:39'),(78,30,86,'Nesciunt voluptatem et vero labore. Nemo itaque aut commodi voluptatem et nesciunt possimus officiis. Illum ex commodi quasi rerum modi reiciendis vel.','Ipsa et dolore nihil voluptatem velit recusandae. Rerum autem rerum voluptas necessitatibus. Voluptatem voluptatum impedit et sed. Doloribus recusandae et omnis voluptas architecto et quidem. Quia voluptatem rerum qui ex hic odio. Quasi ea itaque adipisci exercitationem. Fuga voluptatem hic autem. Quisquam saepe voluptatem vitae omnis. Quia provident omnis quae ipsa.',81,0,0,40,'2002-01-05 07:45:28','2001-04-08 12:33:59'),(79,17,106,'Cumque nihil voluptatem assumenda. Sint sed dolorem ut sapiente voluptate. Modi eaque quia culpa voluptas autem facilis sequi.','Adipisci cum error saepe est ipsa dolorum rem. Voluptatem eligendi non eos ea debitis ut dolore. Laboriosam soluta sunt ex quia molestias minima perspiciatis consequatur. Et est non aut voluptas vero voluptas quis rem. Deleniti laboriosam quia autem. Cumque et ea omnis esse sapiente tempore. Magnam rerum rerum laborum tempora. Error et eos non molestias blanditiis. Natus ut at id necessitatibus. Quam rerum ut et eaque. Deserunt sapiente vero totam maxime explicabo est assumenda. Rerum sit et eligendi corporis eos. Quia sapiente accusamus autem quisquam voluptas libero. Sit unde vel quod necessitatibus dolorem consequatur veritatis.',76,1,1,54,'2001-11-30 13:47:17','1978-05-20 23:04:35'),(80,36,26,'Qui sit et sed eos quisquam ex magni. Adipisci voluptatem temporibus qui ea in aut molestiae. Et commodi ullam autem iste dolor dolor quam. Ut eaque quisquam autem neque temporibus sunt cum.','Ipsa laboriosam sapiente eius ipsa. Iste quibusdam alias est vitae odit tempora. Necessitatibus deserunt ratione dolorum illum ea voluptates voluptate. Quos facere culpa dolor libero eos. Quidem neque omnis sunt exercitationem facere. Numquam et aut ad. Nostrum nesciunt expedita magni voluptas quod qui minima. Officiis sit dolor iusto illum quos voluptatem. Numquam fugiat sint ut aperiam quidem commodi eius qui. Repellendus repellat sit ut.',33,1,0,13,'1994-08-26 20:21:59','2010-04-25 12:28:21'),(81,43,72,'Recusandae excepturi nihil eveniet illo atque omnis. Praesentium eos rerum tempore debitis. Assumenda tenetur accusantium et consequatur omnis.','Vel sunt aut ut eligendi quisquam doloremque maiores. Ratione quia et sunt. Et repellendus vero eveniet magnam. Est dignissimos et ut recusandae omnis et est. Laborum reiciendis aut nesciunt voluptas dolore. Perferendis deleniti officia qui minus. Non ex distinctio sed velit laborum modi. Debitis qui ullam nobis ipsa possimus et distinctio. Quia pariatur non ea quam. Numquam beatae consectetur ut. Fugit nemo dolore quasi corporis reiciendis aut amet sed. Quis a similique corporis vitae non assumenda.',90,1,0,11,'1983-07-09 19:05:52','2013-11-04 02:59:01'),(82,81,28,'Beatae libero aspernatur ut cumque laboriosam excepturi nam. Vero et et magni unde voluptatum labore. Ipsam laudantium velit asperiores atque. Eum et eum illum amet.','Ipsa a placeat dolor vel rerum exercitationem numquam. Eum id non numquam sequi et distinctio. Officia nobis est in asperiores. Iste aut sequi nisi voluptatem est ducimus magni eligendi. Soluta aliquam aut accusamus est sint omnis laudantium. Nisi quo voluptatem deleniti qui eligendi. Consequatur aliquam doloribus in hic sit.',102,1,0,69,'2012-02-10 10:33:54','2013-10-10 18:25:47'),(83,63,78,'Nesciunt repudiandae qui quod. Sit repellat laboriosam consequatur placeat repellendus. Autem debitis enim nobis rem mollitia nesciunt. Adipisci ut doloribus velit dolor deleniti.','Blanditiis similique explicabo odit aut impedit. Velit excepturi eos nihil provident veniam totam ut dolore. Alias quibusdam dignissimos vel. Quo maxime qui rerum. Sequi perspiciatis excepturi delectus omnis nesciunt sit dolorem. Laudantium ea sint numquam iste commodi. Reprehenderit aut ut porro fuga animi molestiae voluptas et. Hic labore blanditiis et quo.',35,0,1,54,'2003-01-20 17:14:06','1980-07-16 09:36:51'),(84,3,83,'Velit quas animi non magni iusto. Ratione et et est aut rem. Voluptates ad natus enim consectetur voluptatibus.','Repellat quia voluptate totam omnis a et. Eos aut voluptas tenetur soluta debitis unde. Quisquam nihil debitis consequatur ducimus sint sunt quasi. Sit quo alias nisi nam corporis error sequi eveniet. Quia modi adipisci qui ut quod. Iure ipsa omnis nihil soluta quo et tenetur quae. Modi modi numquam voluptates fugit. Beatae amet illum est inventore omnis iste veniam officia.',79,0,1,2,'1976-08-10 13:22:00','1998-12-06 06:47:43'),(85,91,64,'Voluptas et et et. Nemo voluptas tempore pariatur vel iure et aut vitae. Magni mollitia ab omnis accusamus earum. Nemo amet nam cumque libero velit sed et. Dolores nemo voluptatem dolores quae odit.','Veritatis et incidunt expedita necessitatibus sunt. Est voluptatibus sit officiis doloremque quam voluptate. Aperiam exercitationem dolores numquam id quos nam. Et at ipsam nihil sunt ea delectus. Dolorem qui rerum eum facere illum id voluptatem. Et labore voluptate corrupti nobis at in ipsa. Voluptatem sed illum minima impedit est. Voluptatem similique earum repellendus. Nesciunt rerum ex et ipsa aut eos aspernatur cupiditate. Est et qui accusamus voluptatum rerum. Aut iste voluptatum quia animi mollitia ipsum vitae non. Accusantium velit iusto rerum qui qui hic molestias.',48,1,0,17,'2011-03-15 02:50:18','2018-09-21 01:15:38'),(86,8,63,'Ab ut quam praesentium neque. Impedit libero consequatur nobis doloremque aliquam ipsa nemo. Consequuntur rerum beatae molestiae. Sed sit aliquid mollitia saepe voluptas rem.','Modi fugiat impedit corrupti et. Quisquam sapiente aut nulla quibusdam cupiditate et eos. Et voluptatibus deserunt dolor laboriosam. Quia qui ullam aut. Sed pariatur et ut quod illo consequatur saepe. Excepturi dolorum corrupti dignissimos. Est qui ea vero et consectetur.',88,1,1,86,'1996-07-24 14:48:39','2007-05-21 06:21:20'),(87,2,56,'Vero libero voluptatibus dolores reiciendis aut. Exercitationem dolores in fuga aliquid ea eos aut. Numquam dicta nihil dolorum enim ea.','Vel iusto sit unde nobis non eum molestias. Modi at dolorum voluptatem maxime repudiandae sed voluptatem. Deleniti atque maiores fugiat maiores vero illo dolor. Consequuntur quo ea vel aliquid. Vel omnis sed qui adipisci non delectus. Labore consequatur placeat voluptas suscipit maiores eveniet atque. Quas et exercitationem voluptatem esse possimus optio cupiditate. Excepturi quia sit sed qui alias. Dolorem eos nisi quaerat voluptas. Dolorem numquam est vel possimus eos ratione et. Omnis debitis dicta id optio esse.',45,0,0,49,'1977-09-08 21:33:49','1988-06-15 20:42:19'),(88,14,23,'Et quos deserunt nobis soluta voluptatum ut ipsam. Dignissimos in voluptate illum autem sit laboriosam. Incidunt natus sapiente iste iste perspiciatis tempora aut odio.','Eos perspiciatis enim ducimus repudiandae perferendis. Unde magni sed quas dolorum sit. Necessitatibus et voluptatem dolores. Expedita maiores molestiae vitae sit. Et amet labore reiciendis atque quae. Id nobis explicabo quas sed labore ullam. Eos quia autem sunt consequatur asperiores. Velit minima nihil officia et sit dolor. Provident sint blanditiis illum earum. Et accusamus reprehenderit officia nulla dolores. Omnis animi eum sint reiciendis nam. Earum eius dolores qui velit aliquid. Eos voluptatem aut sed totam error nesciunt. Omnis quisquam dolore et assumenda et illo perspiciatis.',38,0,1,68,'1971-09-04 19:03:33','1989-07-03 09:21:56'),(89,70,91,'Reiciendis aspernatur adipisci iusto voluptas. Officia aliquid qui dolorum in laborum hic perspiciatis. Neque voluptas mollitia placeat earum. Eaque eos quaerat assumenda accusantium.','Amet reiciendis officia neque nostrum. Enim totam sunt dolores natus quisquam aut. Occaecati facere optio quasi consequatur. Quae dolorem deserunt inventore suscipit deleniti iste ut numquam. Consectetur corrupti ut ipsa debitis dolore. Qui dolorem consequatur at omnis sequi. Voluptatem soluta minima aliquam expedita saepe.',66,0,1,64,'2015-03-15 06:13:01','2011-01-24 13:27:36'),(90,81,36,'Et dolore consequuntur occaecati temporibus recusandae accusantium consectetur. Tenetur tempore aspernatur aut sint. Ut ullam ut quae est. Eaque eos dolor qui aliquam neque eligendi.','Totam asperiores veniam ut. Dolorem doloremque ullam dolore id sapiente sunt architecto. Voluptatem quae neque voluptas assumenda. Aspernatur ex ut repellat in provident sint ut. Nostrum error ea et earum aperiam et. Qui reiciendis omnis consequatur omnis et. Nesciunt vero nostrum ipsa ad esse delectus. Laborum fugiat aspernatur sapiente incidunt. Molestiae aperiam odio vel rerum. Reiciendis alias qui sit adipisci est doloremque voluptas assumenda. Qui autem molestiae voluptatibus consequatur libero delectus nihil.',109,1,0,108,'2002-12-17 01:12:33','2000-08-23 00:33:19'),(91,25,2,'Provident quia quia mollitia repellat id eaque. Est nihil architecto modi omnis nulla fuga adipisci.','Neque quod impedit molestiae ut quae voluptate. Inventore vitae aut officia quidem fuga dicta dolor. Est inventore maxime id totam et. Debitis esse est nesciunt iste aliquam non. Eos soluta sunt est recusandae laboriosam eaque deleniti. Est tempore aut velit velit voluptatibus dolorem. Rerum fugit non et amet quisquam quas.',6,1,1,22,'1973-03-12 07:31:20','2011-04-21 11:18:43'),(92,2,88,'Dicta ipsum exercitationem vitae rerum est. Corporis sed aut necessitatibus. Cum doloribus vitae maxime aperiam.','Est tenetur iusto eligendi nihil. Tempora commodi aperiam assumenda quam. Ea vero nihil laudantium quasi ipsa nihil quibusdam. Et aliquam nobis modi voluptas impedit dolor. Aut quasi nobis fugiat et quia qui. Expedita alias aliquam et qui esse iste. Rerum consequatur corporis enim fugit minima et sed. In qui omnis qui delectus. At corrupti sit delectus odio et modi. Laudantium dolor commodi esse et alias dolorem.',92,1,0,53,'1993-06-07 10:32:05','2019-04-21 11:45:31'),(93,6,42,'Quae facere distinctio quisquam fugiat error harum. Non asperiores saepe commodi voluptate velit sit. Eveniet est et laboriosam facere.','Ea optio voluptatem sed sint nostrum. Amet animi eum consequatur modi. Aperiam nobis occaecati recusandae aliquam magnam dolores. Non nostrum necessitatibus labore dolorem consequatur consequuntur cupiditate. Voluptatibus suscipit et neque vel quasi neque. Et nemo pariatur soluta laborum. Cum voluptatem voluptate in quaerat et illum est. Dolorem rerum voluptatem praesentium qui earum. Rem nihil repellat eaque impedit praesentium distinctio. Et atque est rerum est aperiam accusantium. Expedita id dolorem vel consequatur iusto. Et qui quis atque iusto id itaque sint.',46,0,1,102,'1993-02-15 06:55:16','1992-05-11 19:48:14'),(94,55,83,'Sed qui tenetur harum minus consectetur sunt veniam et. Natus hic ut nostrum accusamus in quia autem. Sunt voluptate quas accusantium qui.','Expedita voluptas illo autem maiores sed facere sed. Et sequi animi voluptatem id veritatis. Officiis eum animi aspernatur unde exercitationem. Harum ut excepturi dignissimos ducimus non. Recusandae qui rerum sed facilis. Dolorem rem aut quia esse. Et eos possimus animi provident placeat ipsam reiciendis. Quia veritatis a culpa facere. Voluptas ea aut quasi non eligendi rerum. Aut quis reprehenderit at nisi perferendis maiores. Enim minima in a suscipit saepe culpa. Temporibus quisquam ipsum aut voluptatem. Aut ut velit eligendi sint in voluptate.',62,0,1,30,'2003-12-24 01:41:13','1993-05-26 08:35:43'),(95,101,84,'Soluta et deserunt ut debitis velit rem consequatur. Et quia provident maxime eos et autem. Minus vero aut rerum tempore placeat cumque.','Quam et sunt veritatis officiis amet nostrum. Magnam vel quas expedita distinctio quis consequatur iure. Aspernatur enim nobis ex maxime autem nisi cumque veritatis. Aut numquam aperiam quidem doloribus. Ea facere quo voluptates temporibus architecto provident aperiam commodi. Illo aut eveniet ullam quisquam commodi non et inventore. Qui officiis nam nostrum magni quas. Perspiciatis aspernatur fuga voluptatem quos incidunt repudiandae eveniet. Odio et eaque odio qui omnis dolorem praesentium. Aut reiciendis mollitia ut repellendus. Non sunt consequatur velit nostrum nulla dignissimos sit aut. Aspernatur provident reprehenderit saepe sit omnis. Aliquam nulla autem id fuga minima.',5,1,1,109,'2008-02-15 21:44:08','2003-05-16 12:40:21'),(96,61,51,'Consequuntur vitae laudantium et. Provident et tempora ratione dolores. Natus maxime et aut repudiandae voluptatem. Repudiandae est corporis veritatis velit vel.','Adipisci similique facilis debitis voluptatem non aperiam voluptas cum. Dicta assumenda officiis qui consequatur. Alias rem quo qui quis voluptatem cum. Corrupti omnis necessitatibus aut adipisci. Aut nihil earum maiores laudantium. Culpa vel aut possimus facilis cumque vel. Asperiores temporibus quidem officia odio voluptatibus placeat. Enim quia esse esse consequuntur in. Et commodi soluta eius hic quis dolores. Et laboriosam praesentium voluptatem praesentium excepturi non cum. Quis rerum dolore ut dignissimos.',89,0,1,66,'1995-04-15 12:48:12','2004-07-05 15:28:41'),(97,43,57,'Cupiditate autem iure et magni in. Et tempora reiciendis placeat rerum eos totam temporibus. Minima aut atque reiciendis rerum quis minus veritatis sed. Rerum beatae tempora laborum corrupti.','Aliquam minus a voluptas est. Aut unde distinctio sit id velit vel distinctio. Quia qui consequatur nulla minus deserunt temporibus. Dolorem distinctio id dolorem repellat. Quibusdam consequatur molestias eligendi. Accusamus nihil unde debitis consequatur dignissimos. Est aliquam sit quaerat quis eius. Sunt amet sed dolores. Error iure qui deleniti repellendus vitae in consectetur magni. Cum modi repellat dignissimos excepturi dolores.',11,0,0,82,'1991-05-22 06:48:00','2001-09-09 07:24:19'),(98,26,67,'Rem odit eos aut adipisci est. Sunt odit quam omnis et. Inventore consequatur aspernatur ut quia maiores.','Laborum molestiae distinctio sed quia adipisci cum tempore. Et qui aut repellendus cum est est. Aut ab totam quo dolorem voluptatem impedit unde. Est maiores sunt molestias. Iusto aut et est. Itaque ducimus ea voluptatum. Et voluptas impedit necessitatibus dignissimos sit. Amet enim ab laboriosam recusandae ullam. Fugiat cupiditate non itaque molestiae labore corrupti debitis. Ex eveniet culpa optio sunt veniam aliquam tenetur ipsa.',16,1,1,65,'1977-12-15 15:04:51','1974-08-10 12:10:10'),(99,46,35,'Aperiam ipsa voluptatem ipsum placeat et. Praesentium dolor autem laborum eum in quas quia. Occaecati veniam id harum. Fugit praesentium cupiditate amet id assumenda omnis.','Molestiae nesciunt repellendus soluta quod veniam et qui. Animi et et velit nisi. Quasi nihil asperiores nesciunt nobis. Qui ut id tenetur est. Facilis vero quam in natus qui quas. Facilis delectus voluptatem non est. Non porro aut quod laudantium praesentium.',52,0,1,62,'1984-05-07 06:23:16','1987-05-15 12:42:49'),(100,33,4,'Sed et eaque vero omnis. Consequuntur soluta deleniti qui aspernatur. Eligendi laudantium hic ducimus dolorem.','Dolorum sunt voluptas in laborum quos distinctio. Eius inventore iure numquam incidunt distinctio earum tempore quia. Perspiciatis consequatur numquam quo explicabo iure ducimus ea. Repellendus dolorem quaerat eius nisi praesentium suscipit iusto. Autem odit consequatur accusantium odio vitae. At veritatis repellendus et esse molestiae non et. Eveniet blanditiis id alias iste in quasi. Autem eius illum omnis error neque delectus qui. Laborum ea quod quia eum sint earum. Eligendi veritatis aperiam quae rem ut. Dolorem fugit qui expedita dolor quia eos eos. Magnam ea omnis cum tempora. Illum aut voluptatibus eos dolor non dicta officiis. Assumenda et assumenda aut et pariatur error.',75,1,0,109,'2008-07-01 15:56:36','1999-09-12 03:48:51'),(101,77,38,'Quisquam aut maxime tenetur ratione dolores perferendis. Excepturi optio maxime dolorum rerum sit voluptatem. Voluptas est rerum quos accusantium. Nihil aut autem soluta qui.','Dolor ut facilis praesentium porro reprehenderit voluptas corporis. Quaerat et aliquid rerum aut. Minima illum libero voluptas animi quia. Alias eos velit qui blanditiis eveniet quis doloribus. Cumque porro et voluptatem libero fugiat laborum. Sunt quis consequuntur repellat ut. Assumenda ut quibusdam aperiam aut dolorem. Voluptatem facilis culpa voluptatem. Hic non cum accusamus iusto. Fugit consequatur incidunt aliquid reprehenderit illo. Nesciunt nobis sequi aut ut repudiandae fuga.',81,1,0,48,'2004-02-03 16:53:12','2014-12-12 06:50:09'),(102,72,65,'Quidem quo blanditiis qui neque vel facilis. Officiis corrupti deserunt aut doloremque quia dolor sunt. Et ut explicabo quis molestiae ut est saepe.','Pariatur accusamus quidem eum voluptatibus delectus accusantium nostrum quis. Quas quia itaque asperiores placeat. Cum totam dolorem inventore dolor. Nostrum placeat ipsum modi debitis. Quis rerum dicta atque aut. Recusandae ipsa mollitia ut ut sint corrupti. Voluptate et quo hic autem. Officia excepturi praesentium sed molestias autem. Quidem excepturi praesentium tempora id dolore ut et. Cumque ducimus amet magnam ea consequuntur. Voluptatem velit aliquam laborum non.',40,1,0,27,'1986-09-21 23:45:20','2019-08-03 21:39:34'),(103,87,100,'Exercitationem libero nobis cum quisquam beatae. Quidem sint hic sapiente. Facere ipsum aliquam aut corporis.','Laborum ipsum quia consequatur. Praesentium libero iste aliquid laboriosam voluptatibus natus quia molestiae. Doloribus numquam dolorum non cumque natus facilis. Dolor sed quis illo qui. Quo rerum quaerat quo quam. Eligendi praesentium qui beatae ipsa velit error odit facere. Est nulla quae ad vitae. Quibusdam quas debitis et nam. Aliquam provident quasi rerum nihil aperiam cumque exercitationem.',11,1,0,59,'2002-05-14 17:14:54','2016-03-25 20:23:36'),(104,4,27,'Adipisci id voluptatem architecto quia et sunt. Culpa et distinctio aliquid velit quod eos. Aut dolores et quo molestias eos autem illum.','Maxime labore est debitis sapiente repellat sed dolor. Ex nobis deleniti nesciunt illum ad. Dolor rerum blanditiis possimus eligendi eum quaerat non ad. Eligendi quia nihil occaecati doloremque quis nulla quibusdam. Nostrum aut quidem optio ab repudiandae. Eum id corporis in fugit sed tempore. Laudantium enim facere velit itaque. Eaque quo aperiam inventore natus cupiditate. Sed qui ut quia quisquam vel repudiandae. Dolor sed et sit in officia. Facilis ut nesciunt numquam dolorem totam voluptatem nulla. Qui ad excepturi possimus vel. Et ipsum iure voluptate animi recusandae sed. Sequi est consequatur in quia nesciunt rerum.',4,1,1,79,'1998-05-06 04:19:03','1993-09-27 11:04:47'),(105,20,14,'Ut eos et quia. Voluptatum quasi et voluptatem impedit quidem rerum. Et magnam error reiciendis doloribus dolor id.','Recusandae id perferendis dolorum. Est vero sed rerum nihil blanditiis iste tempore. Nulla hic consequuntur a quidem. Commodi voluptatem et maiores ab rerum. Natus itaque dolore dicta nam. Voluptate officiis dolores est tenetur. Soluta error fugiat ducimus ipsam atque et.',26,1,0,20,'1995-07-06 16:32:14','1972-03-09 05:30:37'),(106,70,57,'Qui deleniti enim qui veritatis. Vitae nemo beatae accusamus. Eos maxime est delectus veritatis cupiditate est.\nRecusandae veritatis sequi est pariatur consequatur. Quasi ab corporis rerum eum quia.','Molestiae numquam beatae quas quia. Eos perspiciatis et et libero numquam molestias. Aspernatur reprehenderit ea deleniti earum quia esse fugiat. Ut consectetur voluptatem necessitatibus voluptate eveniet quas explicabo fuga. Ducimus quia est reiciendis sed qui magni fugiat. Quae voluptatibus sit sed praesentium eum cupiditate. Ab placeat ut necessitatibus rem laboriosam. Cupiditate vitae molestiae sint. Repellat quam nihil totam. In fuga dolor tempora modi nobis.',83,0,1,97,'2018-03-31 16:59:45','1984-12-06 16:42:30'),(107,62,80,'Harum aut incidunt dolor aliquam soluta quidem. Error ratione dolor accusamus. Ducimus consequatur inventore ut.','A consequatur suscipit tempora incidunt nihil est nisi aliquam. Voluptatum consectetur nisi quis temporibus quia consequatur repudiandae. Voluptate est voluptas earum blanditiis dignissimos neque quis. Et laudantium mollitia nemo aspernatur voluptatem debitis tempora reprehenderit. Asperiores officiis saepe at dignissimos beatae. Repudiandae accusantium ut iste nobis consectetur recusandae. Quia et mollitia reprehenderit iste voluptate eos. Illum sit et magni. Vero veniam ut exercitationem asperiores. Itaque est sed quia temporibus.',38,1,1,40,'1971-12-23 03:31:24','2013-01-29 16:43:24'),(108,38,85,'Praesentium ea eos facere quae nulla debitis. Quia facere eos quis consequatur fugit velit et eum. Et incidunt esse quos quo perspiciatis sunt.','Voluptas ducimus unde non amet. Veritatis et dignissimos rerum repellendus. Qui consequatur perspiciatis ea assumenda est voluptatem. Quae tempore est voluptatem non. Est corrupti dolores necessitatibus atque. Harum fuga aperiam dolor quas. Itaque aut rerum ea.',75,1,0,83,'1976-01-06 12:42:26','2011-08-17 14:32:33'),(109,73,94,'Repellat et voluptas dolor eum ut. Nesciunt iste aut esse quod et. Sapiente consequatur voluptatem facilis omnis.','Ratione aut optio eius unde. Laboriosam aut ratione tenetur natus. Voluptas sint sit qui quis nostrum qui amet. Voluptatem nam expedita et modi. Omnis ex quo fuga vel est eius rem architecto. Alias non est dolor natus voluptates. Alias non ad quod voluptatem numquam. Veritatis ipsum et cumque vitae ipsa repellendus non. Et est ea consequatur ex ut odio dolor. Sit aut maxime fugit numquam deleniti rerum voluptatem. Itaque numquam beatae cum nulla.',30,0,0,90,'2000-01-27 05:24:33','1994-04-28 16:39:43'),(110,43,67,'Est nesciunt ut sit ut consequatur. Molestiae consequatur quia perspiciatis autem placeat sit. Quo tempore harum voluptas qui harum reiciendis.','Impedit sunt inventore est qui. Quis doloremque nihil dolor rerum. Ipsum est modi ut nihil voluptatibus est aliquid. Dolor ipsa placeat commodi consequuntur. Rem molestiae voluptas et id omnis temporibus sunt molestiae. Dolorum perferendis illum distinctio excepturi harum corporis nobis. Explicabo sit et consectetur quo. Quaerat culpa qui similique rem eius exercitationem. Modi earum tempore ea fugiat dolorem velit. Et distinctio et rem doloremque laudantium. Earum distinctio sit molestias minima. Occaecati sed nihil itaque ut. Quasi consequatur sit nulla distinctio quo. Occaecati quos voluptas facilis est exercitationem.',26,0,1,82,'1973-10-13 13:45:14','2011-06-08 12:16:27');
/*!40000 ALTER TABLE `posts` ENABLE KEYS */;
UNLOCK TABLES;

--
-- Table structure for table `profiles`
--

DROP TABLE IF EXISTS `profiles`;
/*!40101 SET @saved_cs_client     = @@character_set_client */;
/*!50503 SET character_set_client = utf8mb4 */;
CREATE TABLE `profiles` (
  `user_id` int unsigned NOT NULL COMMENT 'Ссылка на пользователя',
  `gender` char(1) CHARACTER SET utf8 COLLATE utf8_unicode_ci NOT NULL COMMENT 'Пол',
  `birthday` date DEFAULT NULL COMMENT 'Дата рождения',
  `photo_id` int unsigned DEFAULT NULL,
  `city` varchar(130) CHARACTER SET utf8 COLLATE utf8_unicode_ci DEFAULT NULL COMMENT 'Город проживания',
  `country` varchar(130) CHARACTER SET utf8 COLLATE utf8_unicode_ci DEFAULT NULL COMMENT 'Страна проживания',
  `updated_at` datetime DEFAULT CURRENT_TIMESTAMP ON UPDATE CURRENT_TIMESTAMP COMMENT 'Время обновления строки',
  PRIMARY KEY (`user_id`),
  KEY `photo_id_fk_idx` (`photo_id`),
  CONSTRAINT `photo_id_fk` FOREIGN KEY (`photo_id`) REFERENCES `media` (`id`),
  CONSTRAINT `profiles_photo_id_fk` FOREIGN KEY (`photo_id`) REFERENCES `media` (`id`) ON DELETE SET NULL,
  CONSTRAINT `user_id_fk` FOREIGN KEY (`user_id`) REFERENCES `users` (`id`)
) ENGINE=InnoDB DEFAULT CHARSET=utf8 COLLATE=utf8_unicode_ci COMMENT='Профили';
/*!40101 SET character_set_client = @saved_cs_client */;

--
-- Dumping data for table `profiles`
--

LOCK TABLES `profiles` WRITE;
/*!40000 ALTER TABLE `profiles` DISABLE KEYS */;
INSERT INTO `profiles` VALUES (1,'f','1998-10-01',22,'Stammton','Russian Federation','2020-08-02 21:55:25'),(2,'f','2017-09-24',65,'Miguelborough','Germany','2020-08-02 21:55:25'),(3,'f','1981-09-03',59,'Samarafurt','Russian Federation','2020-08-02 21:55:25'),(4,'f','1986-01-29',99,'Port Britneychester','Russian Federation','2020-08-02 21:55:25'),(5,'m','1970-08-17',19,'Hellerchester','Belarus','2020-08-02 21:55:25'),(6,'f','2003-05-11',95,'East Vella','Germany','2020-08-02 21:55:25'),(7,'f','1986-10-31',20,'New Carolyn','Belarus','2020-08-02 21:55:25'),(8,'m','2008-03-07',13,'South Johannport','Germany','2020-08-02 21:55:25'),(9,'m','1982-06-18',4,'Lake Eduardo','Belarus','2020-08-02 21:55:25'),(10,'m','1981-02-03',81,'Faystad','Russian Federation','2020-08-02 21:55:25'),(11,'f','1993-08-09',92,'New Flavieton','Russian Federation','2020-08-02 21:55:25'),(12,'f','2012-06-30',16,'Chelseyhaven','Germany','2020-08-02 21:55:25'),(13,'f','2006-06-02',6,'New Jeffereyhaven','Belarus','2020-08-02 21:55:25'),(14,'m','1981-08-02',81,'New Carrollchester','Germany','2020-08-02 21:55:25'),(15,'m','1977-10-14',86,'Rueckerfurt','Russian Federation','2020-08-02 21:55:25'),(16,'f','1978-06-07',86,'Anikaville','Russian Federation','2020-08-02 21:55:25'),(17,'m','1997-03-05',70,'Port Joshua','Germany','2020-08-02 21:55:25'),(18,'m','2018-09-23',92,'Wuckerthaven','Germany','2020-08-02 21:55:25'),(19,'f','1979-01-02',49,'Breitenbergborough','Germany','2020-08-02 21:55:25'),(20,'m','2004-09-16',71,'West Maudville','Belarus','2020-08-02 21:55:25'),(21,'m','2002-11-16',8,'South Mateo','Germany','2020-08-02 21:55:25'),(22,'m','2016-09-21',24,'Port Weston','Germany','2020-08-02 21:55:25'),(23,'f','2006-05-23',95,'Odiemouth','Germany','2020-08-02 21:55:25'),(24,'f','1973-06-15',2,'West Antwon','Germany','2020-08-02 21:55:25'),(25,'f','2006-10-10',27,'Purdyton','Belarus','2020-08-02 21:55:25'),(26,'m','2015-04-15',27,'New Sharonmouth','Belarus','2020-08-02 21:55:25'),(27,'m','2019-05-26',54,'East Juliaborough','Germany','2020-08-02 21:55:25'),(28,'m','2010-06-01',90,'West Wilbertfurt','Belarus','2020-08-02 21:55:25'),(29,'f','2000-11-29',85,'Strosinmouth','Russian Federation','2020-08-02 21:55:25'),(30,'m','1975-08-02',54,'Wittingmouth','Belarus','2020-08-02 21:55:25'),(31,'m','1975-08-14',15,'Quitzonside','Germany','2020-08-02 21:55:25'),(32,'m','1983-09-13',13,'Damionside','Germany','2020-08-02 21:55:25'),(33,'f','2018-05-22',21,'New Jerome','Russian Federation','2020-08-02 21:55:25'),(34,'m','2014-12-29',64,'Schoenport','Belarus','2020-08-02 21:55:25'),(35,'f','2019-01-25',59,'Lake Reesefort','Germany','2020-08-02 21:55:25'),(36,'m','1975-05-12',99,'West Martina','Russian Federation','2020-08-02 21:55:25'),(37,'f','1982-02-01',19,'McCluremouth','Germany','2020-08-02 21:55:25'),(38,'f','1970-01-13',99,'Port Estella','Germany','2020-08-02 21:55:25'),(39,'m','1994-09-15',38,'Boscochester','Russian Federation','2020-08-02 21:55:25'),(40,'m','2011-04-12',92,'Aliyahburgh','Germany','2020-08-02 21:55:25'),(41,'f','1983-12-02',44,'South Opalton','Germany','2020-08-02 21:55:25'),(42,'m','2013-05-10',45,'South Lurlinefort','Russian Federation','2020-08-02 21:55:25'),(43,'f','1996-06-29',90,'Bobbiebury','Belarus','2020-08-02 21:55:25'),(44,'m','1975-12-03',17,'North June','Germany','2020-08-02 21:55:25'),(45,'f','1986-03-15',12,'Port Georgiannaside','Russian Federation','2020-08-02 21:55:25'),(46,'m','2018-04-18',10,'Jerdeton','Germany','2020-08-02 21:55:25'),(47,'f','1990-11-21',14,'North Bethfurt','Russian Federation','2020-08-02 21:55:25'),(48,'m','1971-12-14',40,'South Marcellaborough','Germany','2020-08-02 21:55:25'),(49,'m','2018-05-10',55,'New Christiana','Russian Federation','2020-08-02 21:55:25'),(50,'f','2016-08-28',57,'Lake Lauryn','Russian Federation','2020-08-02 21:55:25'),(51,'m','1993-12-10',19,'Fletatown','Germany','2020-08-02 21:55:25'),(52,'m','1997-12-27',23,'Port Blaisefurt','Russian Federation','2020-08-02 21:55:25'),(53,'m','1988-05-27',59,'West Jenniehaven','Russian Federation','2020-08-02 21:55:25'),(54,'f','1989-06-05',24,'Lake Turnertown','Russian Federation','2020-08-02 21:55:25'),(55,'f','1990-10-18',43,'Port Genesisland','Germany','2020-08-02 21:55:25'),(56,'m','2014-01-04',40,'Wolfton','Germany','2020-08-02 21:55:25'),(57,'m','2018-09-12',74,'Lake Emile','Belarus','2020-08-02 21:55:25'),(58,'m','2010-10-19',49,'Lexiton','Belarus','2020-08-02 21:55:25'),(59,'m','2015-07-22',20,'South Ramonburgh','Russian Federation','2020-08-02 21:55:25'),(60,'m','1997-11-16',54,'Coryport','Belarus','2020-08-02 21:55:25'),(61,'m','1973-10-21',10,'Port Myles','Russian Federation','2020-08-02 21:55:25'),(62,'f','1995-07-10',86,'West Brigitteshire','Germany','2020-08-02 21:55:25'),(63,'f','1984-12-27',100,'New Albinside','Russian Federation','2020-08-02 21:55:25'),(64,'f','1979-09-01',40,'Lake Leanne','Belarus','2020-08-02 21:55:25'),(65,'f','2015-03-27',1,'West Willowview','Germany','2020-08-02 21:55:25'),(66,'f','2006-11-11',86,'Lurlineshire','Russian Federation','2020-08-02 21:55:25'),(67,'m','2004-08-05',26,'East Ardith','Belarus','2020-08-02 21:55:25'),(68,'f','1972-02-02',70,'South Clydeshire','Belarus','2020-08-02 21:55:25'),(69,'m','1986-02-25',73,'Lake Dustyville','Belarus','2020-08-02 21:55:25'),(70,'m','1983-08-09',53,'Waylonview','Germany','2020-08-02 21:55:25'),(71,'m','1983-11-05',46,'Gunnarland','Belarus','2020-08-02 21:55:25'),(72,'m','1999-05-05',72,'Lake Cristian','Russian Federation','2020-08-02 21:55:25'),(73,'m','1991-08-16',19,'East Karson','Russian Federation','2020-08-02 21:55:25'),(74,'f','2016-06-27',79,'Orlobury','Germany','2020-08-02 21:55:25'),(75,'f','1974-08-17',38,'Marksland','Germany','2020-08-02 21:55:25'),(76,'f','1979-12-05',54,'Port Mayeland','Germany','2020-08-02 21:55:25'),(77,'f','2007-09-19',53,'Julianamouth','Germany','2020-08-02 21:55:25'),(78,'f','1972-09-06',2,'Lake Friedastad','Russian Federation','2020-08-02 21:55:25'),(79,'f','1979-02-03',52,'West Bentonstad','Belarus','2020-08-02 21:55:25'),(80,'m','1976-11-22',54,'Schuppeside','Belarus','2020-08-02 21:55:25'),(81,'f','2018-10-13',15,'New Princessfurt','Russian Federation','2020-08-02 21:55:25'),(82,'m','2009-01-21',11,'Jaskolskiport','Germany','2020-08-02 21:55:25'),(83,'f','1995-08-19',7,'Bretshire','Russian Federation','2020-08-02 21:55:25'),(84,'f','1982-12-23',5,'North Natbury','Belarus','2020-08-02 21:55:25'),(85,'m','1996-11-08',2,'Abelville','Germany','2020-08-02 21:55:25'),(86,'f','1972-04-20',95,'Lake Bennyburgh','Belarus','2020-08-02 21:55:25'),(87,'f','2000-04-03',68,'Pricefort','Belarus','2020-08-02 21:55:25'),(88,'m','2015-12-05',55,'Jadonhaven','Germany','2020-08-02 21:55:25'),(89,'m','1974-02-06',69,'New Avachester','Russian Federation','2020-08-02 21:55:25'),(90,'f','2006-12-28',80,'Kingshire','Russian Federation','2020-08-02 21:55:25'),(91,'m','2012-09-27',91,'Batzville','Belarus','2020-08-02 21:55:25'),(92,'m','1974-02-21',16,'Stammborough','Belarus','2020-08-02 21:55:25'),(93,'m','2018-01-01',4,'East Tressietown','Germany','2020-08-02 21:55:25'),(94,'m','1987-07-27',75,'O\'Reillyborough','Germany','2020-08-02 21:55:25'),(95,'m','2008-03-07',59,'Port Dovieberg','Russian Federation','2020-08-02 21:55:25'),(96,'m','1971-08-01',71,'South Brettside','Germany','2020-08-02 21:55:25'),(97,'f','2010-07-08',80,'North Tianastad','Russian Federation','2020-08-02 21:55:25'),(98,'m','1981-05-01',83,'West Albertohaven','Russian Federation','2020-08-02 21:55:25'),(99,'m','2001-09-06',75,'West Austynberg','Germany','2020-08-02 21:55:25'),(100,'m','1990-08-14',26,'Lake Mina','Belarus','2020-08-02 21:55:25'),(101,'m','1981-11-22',6,'East Dalton','Belarus','2020-08-02 21:55:25'),(102,'m','1981-02-26',53,'Port Jamarbury','Russian Federation','2020-08-02 21:55:25'),(103,'f','2007-08-28',43,'Babytown','Russian Federation','2020-08-02 21:55:25'),(104,'m','1975-09-30',57,'Torpbury','Germany','2020-08-02 21:55:25'),(105,'m','1982-02-26',53,'Auermouth','Germany','2020-08-02 21:55:25'),(106,'m','1994-09-21',96,'New Arnoldoville','Germany','2020-08-02 21:55:25'),(107,'f','2005-08-12',21,'Lake Florine','Germany','2020-08-02 21:55:25'),(108,'f','1979-12-04',14,'Port Neomaside','Germany','2020-08-02 21:55:25'),(109,'f','1991-06-05',8,'East Letitia','Russian Federation','2020-08-02 21:55:25'),(110,'f','2017-02-05',97,'North Cordellshire','Russian Federation','2020-08-02 21:55:25');
/*!40000 ALTER TABLE `profiles` ENABLE KEYS */;
UNLOCK TABLES;

--
-- Table structure for table `target_types`
--

DROP TABLE IF EXISTS `target_types`;
/*!40101 SET @saved_cs_client     = @@character_set_client */;
/*!50503 SET character_set_client = utf8mb4 */;
CREATE TABLE `target_types` (
  `id` int unsigned NOT NULL AUTO_INCREMENT,
  `name` varchar(255) NOT NULL,
  `created_at` datetime DEFAULT CURRENT_TIMESTAMP,
  PRIMARY KEY (`id`),
  UNIQUE KEY `name` (`name`)
) ENGINE=InnoDB AUTO_INCREMENT=5 DEFAULT CHARSET=utf8mb4 COLLATE=utf8mb4_0900_ai_ci;
/*!40101 SET character_set_client = @saved_cs_client */;

--
-- Dumping data for table `target_types`
--

LOCK TABLES `target_types` WRITE;
/*!40000 ALTER TABLE `target_types` DISABLE KEYS */;
INSERT INTO `target_types` VALUES (1,'messages','2020-08-04 12:38:30'),(2,'users','2020-08-04 12:38:30'),(3,'media','2020-08-04 12:38:30'),(4,'posts','2020-08-04 12:38:30');
/*!40000 ALTER TABLE `target_types` ENABLE KEYS */;
UNLOCK TABLES;

--
-- Table structure for table `users`
--

DROP TABLE IF EXISTS `users`;
/*!40101 SET @saved_cs_client     = @@character_set_client */;
/*!50503 SET character_set_client = utf8mb4 */;
CREATE TABLE `users` (
  `id` int unsigned NOT NULL AUTO_INCREMENT COMMENT 'Идентификатор строки',
  `first_name` varchar(100) CHARACTER SET utf8 COLLATE utf8_unicode_ci NOT NULL COMMENT 'Имя пользователя',
  `last_name` varchar(100) CHARACTER SET utf8 COLLATE utf8_unicode_ci NOT NULL COMMENT 'Фамилия пользователя',
  `email` varchar(100) CHARACTER SET utf8 COLLATE utf8_unicode_ci NOT NULL COMMENT 'Почта',
  `phone` varchar(100) CHARACTER SET utf8 COLLATE utf8_unicode_ci NOT NULL COMMENT 'Телефон',
  `created_at` varchar(256) COLLATE utf8_unicode_ci DEFAULT NULL,
  `updated_at` varchar(256) COLLATE utf8_unicode_ci DEFAULT NULL,
  PRIMARY KEY (`id`),
  UNIQUE KEY `email` (`email`),
  UNIQUE KEY `phone` (`phone`)
) ENGINE=InnoDB AUTO_INCREMENT=111 DEFAULT CHARSET=utf8 COLLATE=utf8_unicode_ci COMMENT='Пользователи';
/*!40101 SET character_set_client = @saved_cs_client */;

--
-- Dumping data for table `users`
--

LOCK TABLES `users` WRITE;
/*!40000 ALTER TABLE `users` DISABLE KEYS */;
INSERT INTO `users` VALUES (1,'Celestine','Stark','ybahringer@example.org','390-138-5184x736','2020-08-02 22:42:00','2020-08-02 22:42:00'),(2,'Clovis','Crist','xebert@example.net','02716225136','2020-08-02 22:42:00','2020-08-02 22:42:00'),(3,'Brandy','Bayer','bechtelar.garry@example.com','+78(4)0401792032','2020-08-02 22:42:00','2020-08-02 22:42:00'),(4,'Kurt','Renner','lorena05@example.net','(017)037-8874x3093','2020-08-02 22:42:00','2020-08-02 22:42:00'),(5,'Lawson','Gorczany','jazmyn86@example.org','(819)168-2925','2020-08-02 22:42:00','2020-08-02 22:42:00'),(6,'Leda','Wisozk','geoffrey34@example.net','739-217-1636','2020-08-02 22:42:00','2020-08-02 22:42:00'),(7,'Lewis','Sipes','kraig.o\'conner@example.org','(919)481-5760x41716','2020-08-02 22:42:00','2020-08-02 22:42:00'),(8,'Allene','Schmitt','oyost@example.org','1-799-599-0735','2020-08-02 22:42:00','2020-08-02 22:42:00'),(9,'Carlee','Anderson','shemar.herzog@example.com','518-804-1846x489','2020-08-02 22:42:00','2020-08-02 22:42:00'),(10,'Neal','Hegmann','jwolf@example.org','(732)524-6387x86584','2020-08-02 22:42:00','2020-08-02 22:42:00'),(11,'Lue','Gleichner','padberg.yazmin@example.com','895.400.2459','2020-08-02 22:42:00','2020-08-02 22:42:00'),(12,'Grace','Oberbrunner','rice.mya@example.net','(926)965-4361x19932','2020-08-02 22:42:00','2020-08-02 22:42:00'),(13,'Kaitlyn','Hilpert','mariane.goldner@example.com','1-678-145-4567x910','2020-08-02 22:42:00','2020-08-02 22:42:00'),(14,'Yvette','Kris','isabel84@example.com','854.277.1317x49769','2020-08-02 22:42:00','2020-08-02 22:42:00'),(15,'Bobby','Reynolds','stamm.lysanne@example.net','+95(3)6821667075','2020-08-02 22:42:00','2020-08-02 22:42:00'),(16,'Connor','Welch','muller.elwin@example.net','258.733.6564','2020-08-02 22:42:00','2020-08-02 22:42:00'),(17,'Nikko','Weimann','aiden23@example.net','(401)059-0658x7438','2020-08-02 22:42:00','2020-08-02 22:42:00'),(18,'Maurine','Gerhold','elaina03@example.net','(690)982-7862','2020-08-02 22:42:00','2020-08-02 22:42:00'),(19,'Tobin','Sauer','jackeline.terry@example.org','(545)286-4554','2020-08-02 22:42:00','2020-08-02 22:42:00'),(20,'Caitlyn','Spencer','rashad63@example.com','902-674-8108x1482','2020-08-02 22:42:00','2020-08-02 22:42:00'),(21,'Janae','Erdman','destini17@example.org','(036)898-6871','2020-08-02 22:42:00','2020-08-02 22:42:00'),(22,'Kristina','Gulgowski','vreichert@example.com','(512)739-8702x123','2020-08-02 22:42:00','2020-08-02 22:42:00'),(23,'Casey','Feeney','kuhn.jake@example.org','1-697-016-8255','2020-08-02 22:42:00','2020-08-02 22:42:00'),(24,'Sydni','Howell','louisa.blanda@example.org','07175746059','2020-08-02 22:42:00','2020-08-02 22:42:00'),(25,'Joan','Rutherford','loraine.rutherford@example.net','1-839-602-0598x42415','2020-08-02 22:42:00','2020-08-02 22:42:00'),(26,'Arnoldo','Daniel','dtrantow@example.org','(546)771-2272','2020-08-02 22:42:00','2020-08-02 22:42:00'),(27,'Flavio','Cremin','fahey.alvis@example.com','430.433.5653','2020-08-02 22:42:00','2020-08-02 22:42:00'),(28,'Jacynthe','Kling','kerluke.ernest@example.com','(017)408-1994','2020-08-02 22:42:00','2020-08-02 22:42:00'),(29,'Jazmyn','Cronin','kozey.christa@example.net','1-301-579-7440x5187','2020-08-02 22:42:00','2020-08-02 22:42:00'),(30,'Eddie','Bins','pacocha.felipa@example.net','091.381.6849','2020-08-02 22:42:00','2020-08-02 22:42:00'),(31,'Loyce','Hermann','javon.anderson@example.com','(676)874-6755','2020-08-02 22:42:00','2020-08-02 22:42:00'),(32,'Jalon','Beahan','xyost@example.org','642-579-8798','2020-08-02 22:42:00','2020-08-02 22:42:00'),(33,'Bettye','Pollich','zackary05@example.net','027.429.7140x1070','2020-08-02 22:42:00','2020-08-02 22:42:00'),(34,'Bethany','Rutherford','funk.ansley@example.com','1-645-860-5663x5072','2020-08-02 22:42:00','2020-08-02 22:42:00'),(35,'Miguel','Wiegand','paige.medhurst@example.com','1-823-830-5699','2020-08-02 22:42:00','2020-08-02 22:42:00'),(36,'Wayne','Denesik','fernser@example.net','1-920-659-5209x827','2020-08-02 22:42:00','2020-08-02 22:42:00'),(37,'Randall','Hartmann','kohler.angelina@example.com','+64(9)0576221352','2020-08-02 22:42:00','2020-08-02 22:42:00'),(38,'Elsie','Mohr','kihn.cary@example.com','(093)213-5379','2020-08-02 22:42:00','2020-08-02 22:42:00'),(39,'Shania','Green','fhuel@example.com','1-291-204-3049x2714','2020-08-02 22:42:00','2020-08-02 22:42:00'),(40,'Elise','Carter','dare.earnestine@example.org','(581)559-9954x15245','2020-08-02 22:42:00','2020-08-02 22:42:00'),(41,'Kaitlin','Koepp','swift.betty@example.com','1-635-818-6588','2020-08-02 22:42:00','2020-08-02 22:42:00'),(42,'Nakia','Monahan','torrance43@example.net','923-153-9306','2020-08-02 22:42:00','2020-08-02 22:42:00'),(43,'Leopold','Johnson','derrick28@example.net','(970)550-3315x3939','2020-08-02 22:42:00','2020-08-02 22:42:00'),(44,'Judson','Gorczany','ashley.rosenbaum@example.net','724-258-8724x4266','2020-08-02 22:42:00','2020-08-02 22:42:00'),(45,'Alyson','Schuppe','sylvan.stokes@example.org','1-728-235-5210x335','2020-08-02 22:42:00','2020-08-02 22:42:00'),(46,'General','Mueller','sdeckow@example.com','(960)613-2432x822','2020-08-02 22:42:00','2020-08-02 22:42:00'),(47,'Cecilia','Wuckert','mann.creola@example.com','(827)193-0694','2020-08-02 22:42:00','2020-08-02 22:42:00'),(48,'Caesar','Hintz','laney10@example.net','869-277-1224','2020-08-02 22:42:00','2020-08-02 22:42:00'),(49,'Matt','Keebler','orval63@example.com','666-153-5342x5514','2020-08-02 22:42:00','2020-08-02 22:42:00'),(50,'Horace','Roob','naomi62@example.com','(281)457-0454','2020-08-02 22:42:00','2020-08-02 22:42:00'),(51,'Camilla','Schoen','autumn.hintz@example.org','845.503.4163x6068','2020-08-02 22:42:00','2020-08-02 22:42:00'),(52,'Candace','Kuhic','xullrich@example.com','1-127-071-3596','2020-08-02 22:42:00','2020-08-02 22:42:00'),(53,'Jerod','Smitham','elda.dickinson@example.net','1-583-175-2352x910','2020-08-02 22:42:00','2020-08-02 22:42:00'),(54,'Elody','Harvey','schaefer.tanya@example.org','551.635.8441x26618','2020-08-02 22:42:00','2020-08-02 22:42:00'),(55,'Janet','Shields','dturner@example.org','(969)979-8703x54255','2020-08-02 22:42:00','2020-08-02 22:42:00'),(56,'Adolf','Stroman','jaden.kohler@example.net','973.736.0419x736','2020-08-02 22:42:00','2020-08-02 22:42:00'),(57,'Aniya','Boehm','cartwright.emmanuelle@example.net','1-741-435-8643x5302','2020-08-02 22:42:00','2020-08-02 22:42:00'),(58,'Nellie','Rowe','gisselle31@example.org','03381829523','2020-08-02 22:42:00','2020-08-02 22:42:00'),(59,'Deonte','Corwin','asha10@example.com','(681)640-3403','2020-08-02 22:42:00','2020-08-02 22:42:00'),(60,'Cristobal','Kihn','morar.derek@example.org','1-740-184-2948','2020-08-02 22:42:00','2020-08-02 22:42:00'),(61,'Caleigh','Lehner','sbayer@example.org','763.670.0529x4337','2020-08-02 22:42:00','2020-08-02 22:42:00'),(62,'Samanta','White','schaden.lura@example.org','+43(4)3666529924','2020-08-02 22:42:00','2020-08-02 22:42:00'),(63,'Jefferey','Kilback','dmertz@example.org','02169133020','2020-08-02 22:42:00','2020-08-02 22:42:00'),(64,'Kay','Lang','rowe.brigitte@example.org','1-775-612-8744x3702','2020-08-02 22:42:00','2020-08-02 22:42:00'),(65,'Marilou','Bartoletti','sydni72@example.org','852.251.9595x0096','2020-08-02 22:42:00','2020-08-02 22:42:00'),(66,'Kamille','Heaney','adan.grant@example.net','(311)634-0768','2020-08-02 22:42:00','2020-08-02 22:42:00'),(67,'Maxwell','Swift','ikemmer@example.com','1-378-379-1018','2020-08-02 22:42:00','2020-08-02 22:42:00'),(68,'Destinee','Wiza','courtney.fay@example.org','319.424.8901','2020-08-02 22:42:00','2020-08-02 22:42:00'),(69,'Sharon','Kautzer','golda.gaylord@example.net','672.895.7807x154','2020-08-02 22:42:00','2020-08-02 22:42:00'),(70,'Maybelle','Gibson','presley92@example.net','658.068.4648x1479','2020-08-02 22:42:00','2020-08-02 22:42:00'),(71,'Hector','Konopelski','aiden.cummings@example.net','06175768663','2020-08-02 22:42:00','2020-08-02 22:42:00'),(72,'Milo','Brakus','alexane64@example.com','525.997.1651x6184','2020-08-02 22:42:00','2020-08-02 22:42:00'),(73,'Mona','Lind','satterfield.hilda@example.com','181-335-6434x448','2020-08-02 22:42:00','2020-08-02 22:42:00'),(74,'Katheryn','Roob','weimann.sharon@example.org','308-555-1162x5184','2020-08-02 22:42:00','2020-08-02 22:42:00'),(75,'Percival','Harris','stark.keshaun@example.com','242.435.6352x20177','2020-08-02 22:42:00','2020-08-02 22:42:00'),(76,'Mylene','Oberbrunner','berniece.huels@example.org','(520)761-4436x71712','2020-08-02 22:42:00','2020-08-02 22:42:00'),(77,'Lacy','Hettinger','balistreri.treva@example.org','992.018.4439','2020-08-02 22:42:00','2020-08-02 22:42:00'),(78,'Judd','Funk','hammes.malika@example.com','1-253-769-3128x698','2020-08-02 22:42:00','2020-08-02 22:42:00'),(79,'Meredith','Lockman','vfeest@example.org','1-856-631-4132','2020-08-02 22:42:00','2020-08-02 22:42:00'),(80,'Halie','Nolan','fdoyle@example.org','(823)644-5746x0655','2020-08-02 22:42:00','2020-08-02 22:42:00'),(81,'Joshuah','Altenwerth','keith89@example.net','071-959-0821x79879','2020-08-02 22:42:00','2020-08-02 22:42:00'),(82,'Katherine','Gutkowski','qwolff@example.net','692.297.6568x033','2020-08-02 22:42:00','2020-08-02 22:42:00'),(83,'Ara','Hagenes','beer.itzel@example.org','371-920-7232x88023','2020-08-02 22:42:00','2020-08-02 22:42:00'),(84,'Mercedes','Watsica','cstreich@example.net','652.136.4291','2020-08-02 22:42:00','2020-08-02 22:42:00'),(85,'Ricardo','Gleichner','agreen@example.com','+23(6)9053568180','2020-08-02 22:42:00','2020-08-02 22:42:00'),(86,'Moises','Nader','hyatt.jeffry@example.com','1-972-218-9965','2020-08-02 22:42:00','2020-08-02 22:42:00'),(87,'Nicklaus','Herzog','xfeest@example.net','(697)199-6730x12963','2020-08-02 22:42:00','2020-08-02 22:42:00'),(88,'Deshaun','Nicolas','shields.anabelle@example.net','1-986-687-6631x042','2020-08-02 22:42:00','2020-08-02 22:42:00'),(89,'Annetta','Marvin','joseph60@example.com','(788)709-3397x9112','2020-08-02 22:42:00','2020-08-02 22:42:00'),(90,'Taya','Gerhold','jmaggio@example.com','06042875049','2020-08-02 22:42:00','2020-08-02 22:42:00'),(91,'Lavinia','Hintz','aracely71@example.net','1-625-742-7196x0836','2020-08-02 22:42:00','2020-08-02 22:42:00'),(92,'Bobbie','Funk','allan.mcglynn@example.org','(303)454-9944','2020-08-02 22:42:00','2020-08-02 22:42:00'),(93,'Alf','Wilkinson','ukuphal@example.com','(182)733-5584x410','2020-08-02 22:42:00','2020-08-02 22:42:00'),(94,'Vida','Hansen','ldoyle@example.com','806-980-6942','2020-08-02 22:42:00','2020-08-02 22:42:00'),(95,'Carroll','Schuppe','mikayla.vonrueden@example.org','05627581696','2020-08-02 22:42:00','2020-08-02 22:42:00'),(96,'Eric','Will','eva.leffler@example.net','1-596-465-8965','2020-08-02 22:42:00','2020-08-02 22:42:00'),(97,'Vincenzo','Russel','frederic15@example.com','(545)034-4485','2020-08-02 22:42:00','2020-08-02 22:42:00'),(98,'Forest','Lockman','barrows.pascale@example.net','(740)624-9479x81971','2020-08-02 22:42:00','2020-08-02 22:42:00'),(99,'Garnet','Douglas','ernest89@example.com','388-790-5556x11192','2020-08-02 22:42:00','2020-08-02 22:42:00'),(100,'Juwan','Larson','schinner.weldon@example.com','1-079-471-0642x135','2020-08-02 22:42:00','2020-08-02 22:42:00'),(101,'Chelsey','Koch','sonia.wilderman@example.net','1-247-878-5655','2020-08-02 22:42:00','2020-08-02 22:42:00'),(102,'Moshe','Stanton','isipes@example.com','1-099-876-1950','2020-08-02 22:42:00','2020-08-02 22:42:00'),(103,'Kelsie','Mertz','darryl56@example.org','07936651560','2020-08-02 22:42:00','2020-08-02 22:42:00'),(104,'Kathryne','Fisher','stokes.coy@example.net','1-792-108-9585','2020-08-02 22:42:00','2020-08-02 22:42:00'),(105,'Anya','Tillman','leanne68@example.com','1-857-031-0380x057','2020-08-02 22:42:00','2020-08-02 22:42:00'),(106,'Madilyn','Rice','hyatt.vickie@example.net','1-294-581-7272x1556','2020-08-02 22:42:00','2020-08-02 22:42:00'),(107,'Jettie','Runte','bwyman@example.com','380.893.1547x068','2020-08-02 22:42:00','2020-08-02 22:42:00'),(108,'Bobby','Wilderman','della.rath@example.org','1-658-350-1700x49318','2020-08-02 22:42:00','2020-08-02 22:42:00'),(109,'Brionna','Boehm','myrtice.mohr@example.com','519-544-8051','2020-08-02 22:42:00','2020-08-02 22:42:00'),(110,'Garnet','Streich','johnston.sydnee@example.net','850-461-0391x51620','2020-08-02 22:42:00','2020-08-02 22:42:00');
/*!40000 ALTER TABLE `users` ENABLE KEYS */;
UNLOCK TABLES;
/*!40103 SET TIME_ZONE=@OLD_TIME_ZONE */;

/*!40101 SET SQL_MODE=@OLD_SQL_MODE */;
/*!40014 SET FOREIGN_KEY_CHECKS=@OLD_FOREIGN_KEY_CHECKS */;
/*!40014 SET UNIQUE_CHECKS=@OLD_UNIQUE_CHECKS */;
/*!40101 SET CHARACTER_SET_CLIENT=@OLD_CHARACTER_SET_CLIENT */;
/*!40101 SET CHARACTER_SET_RESULTS=@OLD_CHARACTER_SET_RESULTS */;
/*!40101 SET COLLATION_CONNECTION=@OLD_COLLATION_CONNECTION */;
/*!40111 SET SQL_NOTES=@OLD_SQL_NOTES */;

-- Dump completed on 2020-08-04 13:17:29
